	Entry	Gene Names	Involvement in disease	Organism
0	P50750	CDK9 CDC2L4 TAK	DISEASE: Note=Chronic activation of CDK9 causes cardiac myocyte enlargement leading to cardiac hypertrophy and confers predisposition to heart failure.	Homo sapiens (Human)
1	Q13045	FLII FLIL	DISEASE: Cardiomyopathy, dilated, 2J (CMD2J) [MIM:620635]: A form of dilated cardiomyopathy, a disorder characterized by ventricular dilation and impaired systolic function, resulting in congestive heart failure and arrhythmia. Patients are at risk of premature death. CMD2J is an autosomal recessive form characterized by onset of heart failure within the first year of life. {ECO:0000269|PubMed:32870709, ECO:0000269|PubMed:37561591}. Note=The disease is caused by variants affecting the gene represented in this entry.	Homo sapiens (Human)
2	Q6P5Q4	LMOD2	DISEASE: Cardiomyopathy, dilated, 2G (CMD2G) [MIM:619897]: A form of dilated cardiomyopathy, a disorder characterized by ventricular dilation and impaired systolic function, resulting in congestive heart failure and arrhythmia. Patients are at risk of premature death. CMD2G is an autosomal recessive form characterized by early-onset, severe cardiomyopathy that progresses rapidly to heart failure in the neonatal period without evidence of intervening hypertrophy. {ECO:0000269|PubMed:31517052, ECO:0000269|PubMed:34888509, ECO:0000269|PubMed:35082396, ECO:0000269|PubMed:35188328}. Note=The disease is caused by variants affecting the gene represented in this entry.	Homo sapiens (Human)
3	Q5T481	RBM20	DISEASE: Cardiomyopathy, dilated, 1DD (CMD1DD) [MIM:613172]: A disorder characterized by ventricular dilation and impaired systolic function, resulting in congestive heart failure and arrhythmia. Patients are at risk of premature death. {ECO:0000269|PubMed:19712804, ECO:0000269|PubMed:20590677, ECO:0000269|PubMed:21846512, ECO:0000269|PubMed:22004663, ECO:0000269|PubMed:22466703, ECO:0000269|PubMed:23861363, ECO:0000269|PubMed:26604136, ECO:0000269|PubMed:27496873, ECO:0000269|PubMed:29895960, ECO:0000269|PubMed:30262925, ECO:0000269|PubMed:30871348, ECO:0000269|PubMed:30871351, ECO:0000269|PubMed:31583969, ECO:0000269|PubMed:32840935, ECO:0000269|PubMed:33188278, ECO:0000269|PubMed:34021826, ECO:0000269|PubMed:34174465, ECO:0000269|PubMed:34322310, ECO:0000269|PubMed:34732726, ECO:0000269|PubMed:35427468}. Note=The disease is caused by variants affecting the gene represented in this entry.; DISEASE: Note=Left ventricular non-compaction (LVNCX): A form of left ventricular non-compaction, a cardiomyopathy due to myocardial morphogenesis arrest and characterized by a hypertrophic left ventricle, a severely thickened 2-layered myocardium, numerous prominent trabeculations, deep intertrabecular recesses, and poor systolic function. Clinical manifestations are variable. Some affected individuals experience no symptoms at all, others develop heart failure. In some cases, left ventricular non-compaction is associated with other congenital heart anomalies. The disease is caused by variants affecting the gene represented in this entry. {ECO:0000269|PubMed:32851336}.	Homo sapiens (Human)
4	Q8WUU5	GATAD1 ODAG	DISEASE: Cardiomyopathy, dilated, 2B (CMD2B) [MIM:614672]: A disorder characterized by ventricular dilation and impaired systolic function, resulting in congestive heart failure and arrhythmia. Patients are at risk of premature death. {ECO:0000269|PubMed:21965549}. Note=The disease is caused by variants affecting the gene represented in this entry.	Homo sapiens (Human)
5	Q99593	TBX5	DISEASE: Holt-Oram syndrome (HOS) [MIM:142900]: Developmental disorder affecting the heart and upper limbs. It is characterized by thumb anomaly and atrial septal defects. {ECO:0000269|PubMed:10077612, ECO:0000269|PubMed:10842287, ECO:0000269|PubMed:12818525, ECO:0000269|PubMed:15735645, ECO:0000269|PubMed:20450920, ECO:0000269|PubMed:8988164, ECO:0000269|PubMed:8988165}. Note=The disease is caused by variants affecting the gene represented in this entry.; DISEASE: Note=Defects in TBX5 are associated with susceptibility to heart disorders including dilated cardiomyopathy (DCM) and atrial fibrillation (AF). DCM is characterized by ventricular and impaired systolic function, resulting in heart failure and arrhythmia. Patient are at risk of premature death. AF is a common sustained cardiac rhythm disturbance. AF is characterized by disorganized atrial electrical activity and ineffective atrial contraction promoting blood stasis in the atria and reduces ventricular filling. It can result in palpitations, syncope, thromboembolic stroke, and congestive heart failure. {ECO:0000269|PubMed:25725155, ECO:0000269|PubMed:25963046, ECO:0000269|PubMed:26917986, ECO:0000269|PubMed:27035640}.	Homo sapiens (Human)
6	Q16363	LAMA4	DISEASE: Cardiomyopathy, dilated, 1JJ (CMD1JJ) [MIM:615235]: A disorder characterized by ventricular dilation and impaired systolic function, resulting in congestive heart failure and arrhythmia. Patients are at risk of premature death. {ECO:0000269|PubMed:17646580}. Note=The disease is caused by variants affecting the gene represented in this entry.	Homo sapiens (Human)
7	Q92901	RPL3L	DISEASE: Cardiomyopathy, dilated, 2D (CMD2D) [MIM:619371]: A form of dilated cardiomyopathy, a disorder characterized by ventricular dilation and impaired systolic function, resulting in congestive heart failure and arrhythmia. Patients are at risk of premature death. CMD2D is an autosomal recessive, severe form with neonatal onset. {ECO:0000269|PubMed:32514796, ECO:0000269|PubMed:32870709, ECO:0000269|PubMed:35323613, ECO:0000269|PubMed:36291431}. Note=The disease may be caused by variants affecting the gene represented in this entry.	Homo sapiens (Human)
8	Q969P5	FBXO32	DISEASE: Note=Defects in FBXO32 are associated with susceptibility to dilated cardiomyopathy (DCM). A disorder characterized by ventricular and impaired systolic function, resulting in heart failure and arrhythmia. Patient are at risk of premature death. {ECO:0000269|PubMed:26753747, ECO:0000269|PubMed:26768247}.	Homo sapiens (Human)
9	Q14119	VEZF1 DB1 ZNF161	DISEASE: Cardiomyopathy, dilated, 1OO (CMD1OO) [MIM:620247]: A disorder characterized by ventricular dilation and impaired systolic function, resulting in congestive heart failure and arrhythmia. Patients are at risk of premature death. CMD1OO inheritance is autosomal dominant. {ECO:0000269|PubMed:36657711}. Note=The disease may be caused by variants affecting the gene represented in this entry.	Homo sapiens (Human)
10	Q9UIH9	KLF15 KKLF	DISEASE: Note=KLF15 deficiency results in loss of rhythmic QT variation and abnormal heart repolarization (PubMed:22367544). It may play a role in susceptibility to ventricular arrhythmias (PubMed:22367544), and development of pathological cardiac hypertrophy leading to heart failure (PubMed:20375365). {ECO:0000269|PubMed:20375365, ECO:0000269|PubMed:22367544}.	Homo sapiens (Human)
11	P0CAP1	MYZAP MYOZAP	DISEASE: Cardiomyopathy, dilated, 2K (CMD2K) [MIM:620894]: A form of dilated cardiomyopathy, a disorder characterized by ventricular dilation and impaired systolic function, resulting in congestive heart failure and arrhythmia. Patients are at risk of premature death. CMD2K is an autosomal recessive form characterized by predominantly left ventricular involvement, although patients with biventricular disease have been observed. {ECO:0000269|PubMed:34899865, ECO:0000269|PubMed:35840178, ECO:0000269|PubMed:38436102}. Note=The disease is caused by variants affecting the gene represented in this entry.	Homo sapiens (Human)
12	Q711Q0	CEFIP C10orf71	DISEASE: Cardiomyopathy, dilated, 1QQ (CMD1QQ) [MIM:621251]: A form of dilated cardiomyopathy, a disorder characterized by ventricular dilation and impaired systolic function, resulting in congestive heart failure and arrhythmia. Patients are at risk of premature death. CMD1QQ is an autosomal dominant form. {ECO:0000269|PubMed:38950288}. Note=The disease is caused by variants affecting the gene represented in this entry.	Homo sapiens (Human)
13	Q9UL15	BAG5 KIAA0873	DISEASE: Cardiomyopathy, dilated, 2F (CMD2F) [MIM:619747]: A form of dilated cardiomyopathy, a disorder characterized by ventricular dilation and impaired systolic function, resulting in congestive heart failure and arrhythmia. Patients are at risk of premature death. CMD2F is an autosomal recessive, early-onset form. {ECO:0000269|PubMed:35044787}. Note=The disease is caused by variants affecting the gene represented in this entry.	Homo sapiens (Human)
14	O43681	GET3 ARSA ASNA1 TRC40	DISEASE: Cardiomyopathy, dilated, 2H (CMD2H) [MIM:620203]: A form of dilated cardiomyopathy, a disorder characterized by ventricular dilation and impaired systolic function, resulting in congestive heart failure and arrhythmia. Patients are at risk of premature death. CMD2H is an autosomal recessive form characterized by rapid progression and death in early infancy. {ECO:0000269|PubMed:31461301}. Note=The disease is caused by variants affecting the gene represented in this entry.	Homo sapiens (Human)
15	P40123	CAP2	DISEASE: Cardiomyopathy, dilated, 2I (CMD2I) [MIM:620462]: A form of dilated cardiomyopathy, a disorder characterized by ventricular dilation and impaired systolic function, resulting in congestive heart failure and arrhythmia. Patients are at risk of premature death. CMD2I is an autosomal recessive, severe form characterized by onset in infancy or childhood. {ECO:0000269|PubMed:30518548, ECO:0000269|PubMed:33083013, ECO:0000269|PubMed:34862840}. Note=The disease is caused by variants affecting the gene represented in this entry.	Homo sapiens (Human)
16	O95235	KIF20A MKLP2 RAB6KIFL	DISEASE: Cardiomyopathy, familial restrictive 6 (RCM6) [MIM:619433]: A heart disorder characterized by impaired filling of the ventricles with reduced diastolic volume, in the presence of normal or near normal wall thickness and systolic function. RCM6 is an autosomal recessive, severe form characterized by prenatal onset, irreversible heart failure and early death. {ECO:0000269|PubMed:29357359}. Note=The disease is caused by variants affecting the gene represented in this entry.	Homo sapiens (Human)
17	P22460	KCNA5	DISEASE: Atrial fibrillation, familial, 7 (ATFB7) [MIM:612240]: A familial form of atrial fibrillation, a common sustained cardiac rhythm disturbance. Atrial fibrillation is characterized by disorganized atrial electrical activity and ineffective atrial contraction promoting blood stasis in the atria and reduces ventricular filling. It can result in palpitations, syncope, thromboembolic stroke, and congestive heart failure. {ECO:0000269|PubMed:16772329}. Note=The disease is caused by variants affecting the gene represented in this entry.	Homo sapiens (Human)
18	O75694	NUP155 KIAA0791	DISEASE: Atrial fibrillation, familial, 15 (ATFB15) [MIM:615770]: A familial form of atrial fibrillation, a common sustained cardiac rhythm disturbance. Atrial fibrillation is characterized by disorganized atrial electrical activity and ineffective atrial contraction promoting blood stasis in the atria and reduces ventricular filling. It can result in palpitations, syncope, thromboembolic stroke, and congestive heart failure. {ECO:0000269|PubMed:19070573}. Note=The disease is caused by variants affecting the gene represented in this entry.	Homo sapiens (Human)
19	Q9HAZ2	PRDM16 KIAA1675 MEL1 PFM13	DISEASE: Left ventricular non-compaction 8 (LVNC8) [MIM:615373]: A form of left ventricular non-compaction, a cardiomyopathy due to myocardial morphogenesis arrest and characterized by a hypertrophic left ventricle, a severely thickened 2-layered myocardium, numerous prominent trabeculations, deep intertrabecular recesses, and poor systolic function. Clinical manifestations are variable. Some affected individuals experience no symptoms at all, others develop heart failure. In some cases, left ventricular non-compaction is associated with other congenital heart anomalies. LVNC8 is an autosomal dominant condition. {ECO:0000269|PubMed:23768516}. Note=The disease is caused by variants affecting the gene represented in this entry.; DISEASE: Cardiomyopathy, dilated, 1LL (CMD1LL) [MIM:615373]: A disorder characterized by ventricular dilation and impaired systolic function, resulting in congestive heart failure and arrhythmia. Patients are at risk of premature death. {ECO:0000269|PubMed:23768516}. Note=The disease is caused by variants affecting the gene represented in this entry.; DISEASE: Note=A chromosomal aberration involving PRDM16 is found in myelodysplastic syndrome (MDS) and acute myeloid leukemia (AML). Reciprocal translocation t(1;3)(p36;q21). Isoform 4 is specifically expressed in adult T-cell leukemia. {ECO:0000269|PubMed:11050005, ECO:0000269|PubMed:12557231}.	Homo sapiens (Human)
20	P09493	TPM1 C15orf13 TMSA	DISEASE: Cardiomyopathy, familial hypertrophic, 3 (CMH3) [MIM:115196]: A hereditary heart disorder characterized by ventricular hypertrophy, which is usually asymmetric and often involves the interventricular septum. The symptoms include dyspnea, syncope, collapse, palpitations, and chest pain. They can be readily provoked by exercise. The disorder has inter- and intrafamilial variability ranging from benign to malignant forms with high risk of cardiac failure and sudden cardiac death. {ECO:0000269|PubMed:12974739, ECO:0000269|PubMed:23170982, ECO:0000269|PubMed:7898523, ECO:0000269|PubMed:8205619, ECO:0000269|PubMed:8523464, ECO:0000269|PubMed:9822100}. Note=The disease is caused by variants affecting the gene represented in this entry.; DISEASE: Cardiomyopathy, dilated, 1Y (CMD1Y) [MIM:611878]: A disorder characterized by ventricular dilation and impaired systolic function, resulting in congestive heart failure and arrhythmia. Patients are at risk of premature death. {ECO:0000269|PubMed:11273725}. Note=The disease is caused by variants affecting the gene represented in this entry.; DISEASE: Left ventricular non-compaction 9 (LVNC9) [MIM:611878]: A form of left ventricular non-compaction, a cardiomyopathy due to myocardial morphogenesis arrest and characterized by a hypertrophic left ventricle, a severely thickened 2-layered myocardium, numerous prominent trabeculations, deep intertrabecular recesses, and poor systolic function. Clinical manifestations are variable. Some affected individuals experience no symptoms at all, others develop heart failure. In some cases, left ventricular non-compaction is associated with other congenital heart anomalies. LVNC9 is an autosomal dominant condition. {ECO:0000269|PubMed:21551322}. Note=The disease is caused by variants affecting the gene represented in this entry.	Homo sapiens (Human)
21	P12829	MYL4 MLC1 PRO1957	DISEASE: Atrial fibrillation, familial, 18 (ATFB18) [MIM:617280]: A familial form of atrial fibrillation, a common sustained cardiac rhythm disturbance. Atrial fibrillation is characterized by disorganized atrial electrical activity and ineffective atrial contraction promoting blood stasis in the atria and reduces ventricular filling. It can result in palpitations, syncope, thromboembolic stroke, and congestive heart failure. {ECO:0000269|PubMed:27066836}. Note=The disease is caused by variants affecting the gene represented in this entry.	Homo sapiens (Human)
22	Q0ZGT2	NEXN	DISEASE: Cardiomyopathy, dilated, 1CC (CMD1CC) [MIM:613122]: An autosomal dominant form of dilated cardiomyopathy, a disorder characterized by ventricular dilation and impaired systolic function, resulting in congestive heart failure and arrhythmia. Patients are at risk of premature death. {ECO:0000269|PubMed:19881492}. Note=The disease is caused by variants affecting the gene represented in this entry.; DISEASE: Cardiomyopathy, dilated, 2M (CMD2M) [MIM:621261]: A form of dilated cardiomyopathy, a disorder characterized by ventricular dilation and impaired systolic function, resulting in congestive heart failure and arrhythmia. Patients are at risk of premature death. CMD2M is an autosomal recessive, severe form characterized by fetal or perinatal death or by severe symptoms in infants. {ECO:0000269|PubMed:33949776, ECO:0000269|PubMed:35166435, ECO:0000269|PubMed:38059363}. Note=The disease is caused by variants affecting the gene represented in this entry.; DISEASE: Cardiomyopathy, familial hypertrophic, 20 (CMH20) [MIM:613876]: A hereditary heart disorder characterized by ventricular hypertrophy, which is usually asymmetric and often involves the interventricular septum. The symptoms include dyspnea, syncope, collapse, palpitations, and chest pain. They can be readily provoked by exercise. The disorder has inter- and intrafamilial variability ranging from benign to malignant forms with high risk of cardiac failure and sudden cardiac death. {ECO:0000269|PubMed:20970104, ECO:0000269|PubMed:32410525}. Note=The disease is caused by variants affecting the gene represented in this entry.	Homo sapiens (Human)
23	Q9HAB8	PPCS COAB	DISEASE: Cardiomyopathy, dilated, 2C (CMD2C) [MIM:618189]: A form of dilated cardiomyopathy, a disorder characterized by ventricular dilation and impaired systolic function, resulting in congestive heart failure and arrhythmia. Patients are at risk of premature death. CMD2C is an autosomal recessive form with variable severity and age of onset ranging from 2 to 20 years. Death in infancy or early childhood may occur in severely affected children. {ECO:0000269|PubMed:29754768}. Note=The disease is caused by variants affecting the gene represented in this entry.	Homo sapiens (Human)
24	Q14126	DSG2 CDHF5	DISEASE: Arrhythmogenic right ventricular dysplasia, familial, 10 (ARVD10) [MIM:610193]: A congenital heart disease characterized by infiltration of adipose and fibrous tissue into the right ventricle and loss of myocardial cells, resulting in ventricular and supraventricular arrhythmias. {ECO:0000269|PubMed:16505173, ECO:0000269|PubMed:16773573, ECO:0000269|PubMed:19635863, ECO:0000269|PubMed:19863551, ECO:0000269|PubMed:20031617, ECO:0000269|PubMed:21062920, ECO:0000269|PubMed:30391969, ECO:0000269|PubMed:30454721, ECO:0000269|PubMed:31845994, ECO:0000269|PubMed:33917638, ECO:0000269|PubMed:38375917}. Note=The disease is caused by variants affecting the gene represented in this entry.; DISEASE: Cardiomyopathy, dilated, 1BB (CMD1BB) [MIM:612877]: A disorder characterized by ventricular dilation and impaired systolic function, resulting in congestive heart failure and arrhythmia. Patients are at risk of premature death. {ECO:0000269|PubMed:18678517}. Note=Disease susceptibility is associated with variants affecting the gene represented in this entry.	Homo sapiens (Human)
25	Q86YT6	MIB1 DIP1 KIAA1323 ZZANK2	DISEASE: Left ventricular non-compaction 7 (LVNC7) [MIM:615092]: A form of left ventricular non-compaction, a cardiomyopathy due to myocardial morphogenesis arrest and characterized by a hypertrophic left ventricle, a severely thickened 2-layered myocardium, numerous prominent trabeculations, deep intertrabecular recesses, and poor systolic function. Clinical manifestations are variable. Some affected individuals experience no symptoms at all, others develop heart failure. In some cases, left ventricular non-compaction is associated with other congenital heart anomalies. LVNC7 is an autosomal dominant condition. {ECO:0000269|PubMed:23314057}. Note=The disease is caused by variants affecting the gene represented in this entry.	Homo sapiens (Human)
26	P19429	TNNI3 TNNC1	DISEASE: Cardiomyopathy, familial hypertrophic, 7 (CMH7) [MIM:613690]: A hereditary heart disorder characterized by ventricular hypertrophy, which is usually asymmetric and often involves the interventricular septum. The symptoms include dyspnea, syncope, collapse, palpitations, and chest pain. They can be readily provoked by exercise. The disorder has inter- and intrafamilial variability ranging from benign to malignant forms with high risk of cardiac failure and sudden cardiac death. {ECO:0000269|PubMed:11815426, ECO:0000269|PubMed:12707239, ECO:0000269|PubMed:12974739, ECO:0000269|PubMed:16199542, ECO:0000269|PubMed:9241277}. Note=The disease is caused by variants affecting the gene represented in this entry.; DISEASE: Cardiomyopathy, familial restrictive 1 (RCM1) [MIM:115210]: A heart disorder characterized by impaired filling of the ventricles with reduced diastolic volume, in the presence of normal or near normal wall thickness and systolic function. {ECO:0000269|PubMed:12531876}. Note=The disease is caused by variants affecting the gene represented in this entry.; DISEASE: Cardiomyopathy, dilated, 2A (CMD2A) [MIM:611880]: A disorder characterized by ventricular dilation and impaired systolic function, resulting in congestive heart failure and arrhythmia. Patients are at risk of premature death. {ECO:0000269|PubMed:19590045, ECO:0000269|PubMed:21846512}. Note=The disease is caused by variants affecting the gene represented in this entry.; DISEASE: Cardiomyopathy, dilated, 1FF (CMD1FF) [MIM:613286]: A disorder characterized by ventricular dilation and impaired systolic function, resulting in congestive heart failure and arrhythmia. Patients are at risk of premature death. {ECO:0000269|PubMed:19590045, ECO:0000269|PubMed:21846512}. Note=The disease is caused by variants affecting the gene represented in this entry.	Homo sapiens (Human)
27	Q14896	MYBPC3	DISEASE: Cardiomyopathy, familial hypertrophic, 4 (CMH4) [MIM:115197]: A hereditary heart disorder characterized by ventricular hypertrophy, which is usually asymmetric and often involves the interventricular septum. The symptoms include dyspnea, syncope, collapse, palpitations, and chest pain. They can be readily provoked by exercise. The disorder has inter- and intrafamilial variability ranging from benign to malignant forms with high risk of cardiac failure and sudden cardiac death. {ECO:0000269|PubMed:11499718, ECO:0000269|PubMed:11499719, ECO:0000269|PubMed:11815426, ECO:0000269|PubMed:12379228, ECO:0000269|PubMed:12628722, ECO:0000269|PubMed:12707239, ECO:0000269|PubMed:12818575, ECO:0000269|PubMed:12951062, ECO:0000269|PubMed:12974739, ECO:0000269|PubMed:14563344, ECO:0000269|PubMed:15114369, ECO:0000269|PubMed:15519027, ECO:0000269|PubMed:15563892, ECO:0000269|PubMed:16004897, ECO:0000269|PubMed:16199542, ECO:0000269|PubMed:18403758, ECO:0000269|PubMed:18929575, ECO:0000269|PubMed:18957093, ECO:0000269|PubMed:23840593, ECO:0000269|PubMed:28265379, ECO:0000269|PubMed:7744002, ECO:0000269|PubMed:9048664, ECO:0000269|PubMed:9541104, ECO:0000269|PubMed:9541115, ECO:0000269|PubMed:9562578}. Note=The disease is caused by variants affecting the gene represented in this entry.; DISEASE: Cardiomyopathy, dilated, 1MM (CMD1MM) [MIM:615396]: A disorder characterized by ventricular dilation and impaired systolic function, resulting in congestive heart failure and arrhythmia. Patients are at risk of premature death. {ECO:0000269|PubMed:20215591}. Note=The disease is caused by variants affecting the gene represented in this entry.; DISEASE: Note=MYBPC3 mutations may be involved in restrictive cardiomyopathy (RCM), a rare non-ischemic myocardial disease. RCM is characterized by restrictive ventricular-filling physiology in the presence of normal or reduced diastolic and/or systolic volumes (of 1 or both ventricles), biatrial enlargement, and normal ventricular wall thickness. {ECO:0000269|PubMed:26163040}.; DISEASE: Left ventricular non-compaction 10 (LVNC10) [MIM:615396]: A form of left ventricular non-compaction, a cardiomyopathy due to myocardial morphogenesis arrest and characterized by a hypertrophic left ventricle, a severely thickened 2-layered myocardium, numerous prominent trabeculations, deep intertrabecular recesses, and poor systolic function. Clinical manifestations are variable. Some affected individuals experience no symptoms at all, others develop heart failure. In some cases, left ventricular non-compaction is associated with other congenital heart anomalies. LVNC10 is an autosomal dominant condition. {ECO:0000269|PubMed:21551322}. Note=The disease is caused by variants affecting the gene represented in this entry.	Homo sapiens (Human)
28	P50461	CSRP3 CLP MLP	DISEASE: Cardiomyopathy, dilated, 1M (CMD1M) [MIM:607482]: A disorder characterized by ventricular dilation and impaired systolic function, resulting in congestive heart failure and arrhythmia. Patients are at risk of premature death. {ECO:0000269|PubMed:12507422, ECO:0000269|PubMed:18505755, ECO:0000269|PubMed:19412328}. Note=The disease is caused by variants affecting the gene represented in this entry.; DISEASE: Cardiomyopathy, familial hypertrophic, 12 (CMH12) [MIM:612124]: A hereditary heart disorder characterized by ventricular hypertrophy, which is usually asymmetric and often involves the interventricular septum. The symptoms include dyspnea, syncope, collapse, palpitations, and chest pain. They can be readily provoked by exercise. The disorder has inter- and intrafamilial variability ranging from benign to malignant forms with high risk of cardiac failure and sudden cardiac death. {ECO:0000269|PubMed:12642359, ECO:0000269|PubMed:15205937, ECO:0000269|PubMed:18505755, ECO:0000269|PubMed:27353086}. Note=The disease is caused by variants affecting the gene represented in this entry.	Homo sapiens (Human)
29	O60939	SCN2B UNQ326/PRO386	DISEASE: Atrial fibrillation, familial, 14 (ATFB14) [MIM:615378]: A familial form of atrial fibrillation, a common sustained cardiac rhythm disturbance. Atrial fibrillation is characterized by disorganized atrial electrical activity and ineffective atrial contraction promoting blood stasis in the atria and reduces ventricular filling. It can result in palpitations, syncope, thromboembolic stroke, and congestive heart failure. {ECO:0000269|PubMed:19808477}. Note=The disease is caused by variants affecting the gene represented in this entry.; DISEASE: Note=Genetic variations in SCN2B may be involved in Brugada syndrome (PubMed:23559163). This tachyarrhythmia is characterized by right bundle branch block and ST segment elevation on an electrocardiogram (ECG). It can cause the ventricles to beat so fast that the blood is prevented from circulating efficiently in the body. When this situation occurs, the individual will faint and may die in a few minutes if the heart is not reset. {ECO:0000269|PubMed:23559163}.	Homo sapiens (Human)
30	Q8IWT1	SCN4B	DISEASE: Long QT syndrome 10 (LQT10) [MIM:611819]: A heart disorder characterized by a prolonged QT interval on the ECG and polymorphic ventricular arrhythmias. They cause syncope and sudden death in response to exercise or emotional stress, and can present with a sentinel event of sudden cardiac death in infancy. {ECO:0000269|PubMed:17592081}. Note=The disease is caused by variants affecting the gene represented in this entry.; DISEASE: Atrial fibrillation, familial, 17 (ATFB17) [MIM:611819]: A familial form of atrial fibrillation, a common sustained cardiac rhythm disturbance. Atrial fibrillation is characterized by disorganized atrial electrical activity and ineffective atrial contraction promoting blood stasis in the atria and reduces ventricular filling. It can result in palpitations, syncope, thromboembolic stroke, and congestive heart failure. {ECO:0000269|PubMed:23604097}. Note=The disease is caused by variants affecting the gene represented in this entry.	Homo sapiens (Human)
31	Q92629	SGCD	DISEASE: Muscular dystrophy, limb-girdle, autosomal recessive 6 (LGMDR6) [MIM:601287]: An autosomal recessive degenerative myopathy initially affecting the proximal limb girdle musculature. Muscle from patients shows a complete loss of delta-sarcoglycan as well as of the others components of the sarcoglycan complex. {ECO:0000269|PubMed:9832045}. Note=The disease is caused by variants affecting the gene represented in this entry.; DISEASE: Cardiomyopathy, dilated, 1L (CMD1L) [MIM:606685]: A disorder characterized by ventricular dilation and impaired systolic function, resulting in congestive heart failure and arrhythmia. Patients are at risk of premature death. {ECO:0000269|PubMed:10974018}. Note=The disease is caused by variants affecting the gene represented in this entry.	Homo sapiens (Human)
32	P18206	VCL	DISEASE: Cardiomyopathy, dilated, 1W (CMD1W) [MIM:611407]: A disorder characterized by ventricular dilation and impaired systolic function, resulting in congestive heart failure and arrhythmia. Patients are at risk of premature death. {ECO:0000269|PubMed:11815424, ECO:0000269|PubMed:16236538}. Note=The disease is caused by variants affecting the gene represented in this entry.; DISEASE: Cardiomyopathy, familial hypertrophic, 15 (CMH15) [MIM:613255]: A hereditary heart disorder characterized by ventricular hypertrophy, which is usually asymmetric and often involves the interventricular septum. The symptoms include dyspnea, syncope, collapse, palpitations, and chest pain. They can be readily provoked by exercise. The disorder has inter- and intrafamilial variability ranging from benign to malignant forms with high risk of cardiac failure and sudden cardiac death. {ECO:0000269|PubMed:16712796}. Note=The disease is caused by variants affecting the gene represented in this entry.	Homo sapiens (Human)
33	P26678	PLN PLB	DISEASE: Cardiomyopathy, dilated, 1P (CMD1P) [MIM:609909]: A disorder characterized by ventricular dilation and impaired systolic function, resulting in congestive heart failure and arrhythmia. Patients are at risk of premature death. {ECO:0000269|PubMed:12610310, ECO:0000269|PubMed:16432188, ECO:0000269|PubMed:22137083, ECO:0000269|PubMed:22427649, ECO:0000269|PubMed:22707725}. Note=The disease is caused by variants affecting the gene represented in this entry.; DISEASE: Cardiomyopathy, familial hypertrophic, 18 (CMH18) [MIM:613874]: A hereditary heart disorder characterized by ventricular hypertrophy, which is usually asymmetric and often involves the interventricular septum. The symptoms include dyspnea, syncope, collapse, palpitations, and chest pain. They can be readily provoked by exercise. The disorder has inter- and intrafamilial variability ranging from benign to malignant forms with high risk of cardiac failure and sudden cardiac death. {ECO:0000269|PubMed:12705874}. Note=The disease is caused by variants affecting the gene represented in this entry.	Homo sapiens (Human)
34	P63316	TNNC1 TNNC	DISEASE: Cardiomyopathy, dilated, 1Z (CMD1Z) [MIM:611879]: A disorder characterized by ventricular dilation and impaired systolic function, resulting in congestive heart failure and arrhythmia. Patients are at risk of premature death. {ECO:0000269|PubMed:15542288}. Note=The disease is caused by variants affecting the gene represented in this entry.; DISEASE: Cardiomyopathy, familial hypertrophic, 13 (CMH13) [MIM:613243]: A hereditary heart disorder characterized by ventricular hypertrophy, which is usually asymmetric and often involves the interventricular septum. The symptoms include dyspnea, syncope, collapse, palpitations, and chest pain. They can be readily provoked by exercise. The disorder has inter- and intrafamilial variability ranging from benign to malignant forms with high risk of cardiac failure and sudden cardiac death. {ECO:0000269|PubMed:11385718, ECO:0000269|PubMed:16302972, ECO:0000269|PubMed:18572189, ECO:0000269|PubMed:19439414}. Note=The disease is caused by variants affecting the gene represented in this entry.	Homo sapiens (Human)
35	Q9Y6J6	KCNE2	DISEASE: Long QT syndrome 6 (LQT6) [MIM:613693]: A heart disorder characterized by a prolonged QT interval on the ECG and polymorphic ventricular arrhythmias. They cause syncope and sudden death in response to exercise or emotional stress, and can present with a sentinel event of sudden cardiac death in infancy. {ECO:0000269|PubMed:10219239, ECO:0000269|PubMed:12185453, ECO:0000269|PubMed:16922724, ECO:0000269|PubMed:19716085}. Note=The disease is caused by variants affecting the gene represented in this entry.; DISEASE: Atrial fibrillation, familial, 4 (ATFB4) [MIM:611493]: A familial form of atrial fibrillation, a common sustained cardiac rhythm disturbance. Atrial fibrillation is characterized by disorganized atrial electrical activity and ineffective atrial contraction promoting blood stasis in the atria and reduces ventricular filling. It can result in palpitations, syncope, thromboembolic stroke, and congestive heart failure. {ECO:0000269|PubMed:15368194}. Note=The disease is caused by variants affecting the gene represented in this entry.	Homo sapiens (Human)
36	O60706	ABCC9 SUR2	DISEASE: Cardiomyopathy, dilated, 1O (CMD1O) [MIM:608569]: A disorder characterized by ventricular dilation and impaired systolic function, resulting in congestive heart failure and arrhythmia. Patients are at risk of premature death. {ECO:0000269|PubMed:15034580}. Note=The disease is caused by variants affecting the gene represented in this entry.; DISEASE: Atrial fibrillation, familial, 12 (ATFB12) [MIM:614050]: A familial form of atrial fibrillation, a common sustained cardiac rhythm disturbance. Atrial fibrillation is characterized by disorganized atrial electrical activity and ineffective atrial contraction promoting blood stasis in the atria and reduces ventricular filling. It can result in palpitations, syncope, thromboembolic stroke, and congestive heart failure. {ECO:0000269|PubMed:17245405}. Note=The disease is caused by variants affecting the gene represented in this entry.; DISEASE: Hypertrichotic osteochondrodysplasia (HTOCD) [MIM:239850]: A rare disorder characterized by congenital hypertrichosis, neonatal macrosomia, a distinct osteochondrodysplasia, and cardiomegaly. The hypertrichosis leads to thick scalp hair, which extends onto the forehead, and a general increase in body hair. In addition, macrocephaly and coarse facial features, including a broad nasal bridge, epicanthal folds, a wide mouth, and full lips, can be suggestive of a storage disorder. About half of affected individuals are macrosomic and edematous at birth, whereas in childhood they usually have a muscular appearance with little subcutaneous fat. Thickened calvarium, narrow thorax, wide ribs, flattened or ovoid vertebral bodies, coxa valga, osteopenia, enlarged medullary canals, and metaphyseal widening of long bones have been reported. Cardiac manifestations such as patent ductus arteriosus, ventricular hypertrophy, pulmonary hypertension, and pericardial effusions are present in approximately 80% of cases. Motor development is usually delayed due to hypotonia. Most patients have a mild speech delay, and a small percentage have learning difficulties or intellectual disability. {ECO:0000269|PubMed:22608503, ECO:0000269|PubMed:22610116, ECO:0000269|PubMed:26621776}. Note=The disease is caused by variants affecting the gene represented in this entry.; DISEASE: Intellectual disability and myopathy syndrome (IDMYS) [MIM:619719]: An autosomal recessive disorder characterized by global developmental delay, mildly impaired intellectual development, hypotonia, muscle weakness and fatigue, and white matter abnormalities on brain imaging. Variable additional features may include sensorineural hearing loss, dysmorphic facies, and progressive heart disease. {ECO:0000269|PubMed:31575858}. Note=The disease is caused by variants affecting the gene represented in this entry.	Homo sapiens (Human)
37	O75112	LDB3 KIAA0613 ZASP	DISEASE: Cardiomyopathy, dilated, 1C, with or without left ventricular non-compaction (CMD1C) [MIM:601493]: A disorder characterized by ventricular dilation and impaired systolic function, resulting in congestive heart failure and arrhythmia. Patients are at risk of premature death. Cardiomyopathy dilated type 1C is associated with left ventricular non-compaction in some patients. Left ventricular non-compaction is characterized by numerous prominent trabeculations and deep intertrabecular recesses in hypertrophied and hypokinetic segments of the left ventricle. {ECO:0000269|PubMed:14660611, ECO:0000269|PubMed:14662268}. Note=The disease is caused by variants affecting the gene represented in this entry.; DISEASE: Left ventricular non-compaction 3 (LVNC3) [MIM:601493]: A form of left ventricular non-compaction, a cardiomyopathy due to myocardial morphogenesis arrest and characterized by a hypertrophic left ventricle, a severely thickened 2-layered myocardium, numerous prominent trabeculations, deep intertrabecular recesses, and poor systolic function. Clinical manifestations are variable. Some affected individuals experience no symptoms at all, others develop heart failure. In some cases, left ventricular non-compaction is associated with other congenital heart anomalies. LVNC3 is an autosomal dominant condition. {ECO:0000269|PubMed:16427346}. Note=The disease is caused by variants affecting the gene represented in this entry.; DISEASE: Myopathy, myofibrillar, 4 (MFM4) [MIM:609452]: A form of myofibrillar myopathy, a group of chronic neuromuscular disorders characterized at ultrastructural level by disintegration of the sarcomeric Z disk and myofibrils, and replacement of the normal myofibrillar markings by small dense granules, or larger hyaline masses, or amorphous material. MFM4 is characterized by distal and proximal muscle weakness with signs of cardiomyopathy and neuropathy. {ECO:0000269|PubMed:15668942, ECO:0000269|PubMed:25208129}. Note=The disease is caused by variants affecting the gene represented in this entry.; DISEASE: Cardiomyopathy, familial hypertrophic, 24 (CMH24) [MIM:601493]: A hereditary heart disorder characterized by ventricular hypertrophy, which is usually asymmetric and often involves the interventricular septum. The symptoms include dyspnea, syncope, collapse, palpitations, and chest pain. They can be readily provoked by exercise. The disorder has inter- and intrafamilial variability ranging from benign to malignant forms with high risk of cardiac failure and sudden cardiac death. {ECO:0000269|PubMed:17097056, ECO:0000269|PubMed:25616123}. Note=The disease may be caused by variants affecting the gene represented in this entry.; DISEASE: Cardiomyopathy, dilated, 2L (CMD2L) [MIM:621237]: A form of dilated cardiomyopathy, a disorder characterized by ventricular dilation and impaired systolic function, resulting in congestive heart failure and arrhythmia. Patients are at risk of premature death. CMD2L is an autosomal recessive, severe form characterized by neonatal or infantile onset. Some patients show additional skeletal muscle involvement. Death in infancy or early childhood may occur. {ECO:0000269|PubMed:36253531}. Note=The disease is caused by variants affecting the gene represented in this entry.	Homo sapiens (Human)
38	P36382	GJA5	DISEASE: Atrial standstill 1 (ATRST1) [MIM:108770]: A rare arrhythmia characterized by the absence of electrical and mechanical activity in the atria. Electrocardiographically, it is characterized by bradycardia, the absence of P waves, and a junctional narrow complex escape rhythm. {ECO:0000269|PubMed:16790700}. Note=The disease may be caused by variants affecting distinct genetic loci, including the gene represented in this entry. A rare GJA5 genotype has been detected in combination with a mutation in SCN5A in a large family with atrial standstill.; DISEASE: Atrial fibrillation, familial, 11 (ATFB11) [MIM:614049]: A familial form of atrial fibrillation, a common sustained cardiac rhythm disturbance. Atrial fibrillation is characterized by disorganized atrial electrical activity and ineffective atrial contraction promoting blood stasis in the atria and reduces ventricular filling. It can result in palpitations, syncope, thromboembolic stroke, and congestive heart failure. {ECO:0000269|PubMed:20650941}. Note=The disease is caused by variants affecting the gene represented in this entry.	Homo sapiens (Human)
39	P17661	DES	DISEASE: Myopathy, myofibrillar, 1 (MFM1) [MIM:601419]: A form of myofibrillar myopathy, a group of chronic neuromuscular disorders characterized at ultrastructural level by disintegration of the sarcomeric Z disk and myofibrils, and replacement of the normal myofibrillar markings by small dense granules, or larger hyaline masses, or amorphous material. MFM1 is characterized by skeletal muscle weakness associated with cardiac conduction blocks, arrhythmias, restrictive heart failure, and accumulation of desmin-reactive deposits in cardiac and skeletal muscle cells. {ECO:0000269|PubMed:10545598, ECO:0000269|PubMed:10717012, ECO:0000269|PubMed:10905661, ECO:0000269|PubMed:11061256, ECO:0000269|PubMed:11668632, ECO:0000269|PubMed:12620971, ECO:0000269|PubMed:12766977, ECO:0000269|PubMed:14648196, ECO:0000269|PubMed:14711882, ECO:0000269|PubMed:14724127, ECO:0000269|PubMed:15495235, ECO:0000269|PubMed:15800015, ECO:0000269|PubMed:16009553, ECO:0000269|PubMed:16376610, ECO:0000269|PubMed:16865695, ECO:0000269|PubMed:17221859, ECO:0000269|PubMed:18061454, ECO:0000269|PubMed:19879535, ECO:0000269|PubMed:20829228, ECO:0000269|PubMed:22106715, ECO:0000269|PubMed:22395865, ECO:0000269|PubMed:23615443, ECO:0000269|PubMed:23687351, ECO:0000269|PubMed:25208129, ECO:0000269|PubMed:25394388, ECO:0000269|PubMed:27733623, ECO:0000269|PubMed:28470624, ECO:0000269|PubMed:9697706, ECO:0000269|PubMed:9736733}. Note=The disease is caused by variants affecting the gene represented in this entry. Mutations in the DES gene are associated with a variable clinical phenotype which encompasses isolated myopathies, pure cardiac phenotypes (including dilated cardiomyopathy, restrictive cardiomyopathy and arrhythmogenic right ventricular cardiomyopathy), cardiac conduction disease, and combinations of these disorders. If both cardiologic and neurologic features occur, they can manifest in any order, as cardiologic features can precede, occur simultaneously with, or follow manifestation of generalized neuromuscular disease (PubMed:19879535). {ECO:0000269|PubMed:19879535}.; DISEASE: Cardiomyopathy, dilated, 1I (CMD1I) [MIM:604765]: A disorder characterized by ventricular dilation and impaired systolic function, resulting in congestive heart failure and arrhythmia. Patients are at risk of premature death. {ECO:0000269|PubMed:10430757, ECO:0000269|PubMed:24200904, ECO:0000269|PubMed:26724190, ECO:0000269|PubMed:30262925}. Note=The disease is caused by variants affecting the gene represented in this entry.; DISEASE: Neurogenic scapuloperoneal syndrome Kaeser type (Kaeser syndrome) [MIM:181400]: Autosomal dominant disorder with a peculiar scapuloperoneal distribution of weakness and atrophy. A large clinical variability is observed ranging from scapuloperoneal, limb grindle and distal phenotypes with variable cardiac or respiratory involvement. Facial weakness, dysphagia and gynaecomastia are frequent additional symptoms. Affected men seemingly bear a higher risk of sudden, cardiac death as compared to affected women. Histological and immunohistochemical examination of muscle biopsy specimens reveal a wide spectrum of findings ranging from near normal or unspecific pathology to typical, myofibrillar changes with accumulation of desmin. {ECO:0000269|PubMed:17439987, ECO:0000269|PubMed:25394388}. Note=The disease is caused by variants affecting the gene represented in this entry.	Homo sapiens (Human)
40	O95677	EYA4	DISEASE: Deafness, autosomal dominant, 10 (DFNA10) [MIM:601316]: A form of non-syndromic sensorineural hearing loss. Sensorineural deafness results from damage to the neural receptors of the inner ear, the nerve pathways to the brain, or the area of the brain that receives sound information. {ECO:0000269|PubMed:11159937, ECO:0000269|PubMed:22938506, ECO:0000269|PubMed:25809937, ECO:0000269|PubMed:25961296}. Note=The disease is caused by variants affecting the gene represented in this entry.; DISEASE: Cardiomyopathy, dilated, 1J (CMD1J) [MIM:605362]: A disorder characterized by ventricular dilation and impaired systolic function, resulting in congestive heart failure and arrhythmia. Patients are at risk of premature death. CMD1J is characterized by the association of sensorineural hearing loss and dilated cardiomyopathy in the absence of other anomalies. {ECO:0000269|PubMed:15735644}. Note=The disease is caused by variants affecting the gene represented in this entry.	Homo sapiens (Human)
41	P50402	EMD EDMD STA	DISEASE: Emery-Dreifuss muscular dystrophy 1, X-linked (EDMD1) [MIM:310300]: A form of Emery-Dreifuss muscular dystrophy, a degenerative myopathy characterized by weakness and atrophy of muscle without involvement of the nervous system, early contractures of the elbows, Achilles tendons and spine, and cardiomyopathy associated with cardiac conduction defects. {ECO:0000269|PubMed:10323252, ECO:0000269|PubMed:10382909, ECO:0000269|PubMed:10393813, ECO:0000269|PubMed:11587540, ECO:0000269|PubMed:15009215, ECO:0000269|PubMed:15328537, ECO:0000269|PubMed:32549231}. Note=The disease is caused by variants affecting the gene represented in this entry.; DISEASE: Cardiomyopathy, dilated, 3C (CMD3C) [MIM:301163]: An X-linked, severe form of dilated cardiomyopathy, a disorder characterized by ventricular dilation and impaired systolic function, resulting in congestive heart failure and arrhythmia. Patients are at risk of premature death. {ECO:0000269|PubMed:18266676, ECO:0000269|PubMed:24997722, ECO:0000269|PubMed:32755394, ECO:0000269|PubMed:40065010}. Note=The disease is caused by variants affecting the gene represented in this entry.	Homo sapiens (Human)
42	Q9NY72	SCN3B KIAA1158	DISEASE: Brugada syndrome 7 (BRGDA7) [MIM:613120]: A tachyarrhythmia characterized by right bundle branch block and ST segment elevation on an electrocardiogram (ECG). It can cause the ventricles to beat so fast that the blood is prevented from circulating efficiently in the body. When this situation occurs, the individual will faint and may die in a few minutes if the heart is not reset. {ECO:0000269|PubMed:20031595}. Note=The gene represented in this entry may be involved in disease pathogenesis.; DISEASE: Atrial fibrillation, familial, 16 (ATFB16) [MIM:613120]: A familial form of atrial fibrillation, a common sustained cardiac rhythm disturbance. Atrial fibrillation is characterized by disorganized atrial electrical activity and ineffective atrial contraction promoting blood stasis in the atria and reduces ventricular filling. It can result in palpitations, syncope, thromboembolic stroke, and congestive heart failure. {ECO:0000269|PubMed:20558140, ECO:0000269|PubMed:21051419}. Note=The disease is caused by variants affecting the gene represented in this entry.	Homo sapiens (Human)
43	Q9BR39	JPH2 JP2	DISEASE: Cardiomyopathy, familial hypertrophic, 17 (CMH17) [MIM:613873]: A hereditary heart disorder characterized by ventricular hypertrophy, which is usually asymmetric and often involves the interventricular septum. The symptoms include dyspnea, syncope, collapse, palpitations, and chest pain. They can be readily provoked by exercise. The disorder has inter- and intrafamilial variability ranging from benign to malignant forms with high risk of cardiac failure and sudden cardiac death. {ECO:0000269|PubMed:17509612, ECO:0000269|PubMed:24001019, ECO:0000269|PubMed:28393127, ECO:0000269|PubMed:30235249}. Note=The disease is caused by variants affecting the gene represented in this entry.; DISEASE: Cardiomyopathy, dilated, 2E (CMD2E) [MIM:619492]: A form of dilated cardiomyopathy, a disorder characterized by ventricular dilation and impaired systolic function, resulting in congestive heart failure and arrhythmia. Patients are at risk of premature death. CMD2E is an autosomal recessive form with neonatal or early childhood onset and rapid progression to cardiac failure. {ECO:0000269|PubMed:30384889, ECO:0000269|PubMed:31227780}. Note=The disease is caused by variants affecting the gene represented in this entry.	Homo sapiens (Human)
44	P01160	NPPA ANP PND	DISEASE: Atrial standstill 2 (ATRST2) [MIM:615745]: A rare arrhythmia characterized by the absence of electrical and mechanical activity in the atria. Electrocardiographically, it is characterized by bradycardia, the absence of P waves, and a junctional narrow complex escape rhythm. {ECO:0000269|PubMed:23275345}. Note=The disease is caused by variants affecting the gene represented in this entry.; DISEASE: Atrial fibrillation, familial, 6 (ATFB6) [MIM:612201]: A familial form of atrial fibrillation, a common sustained cardiac rhythm disturbance. Atrial fibrillation is characterized by disorganized atrial electrical activity and ineffective atrial contraction promoting blood stasis in the atria and reduces ventricular filling. It can result in palpitations, syncope, thromboembolic stroke, and congestive heart failure. {ECO:0000269|PubMed:18614783}. Note=The disease is caused by variants affecting the gene represented in this entry.	Homo sapiens (Human)
45	Q86YF9	DZIP1 DZIP DZIP2 KIAA0996	DISEASE: Mitral valve prolapse 3 (MVP3) [MIM:610840]: An autosomal dominant form of mitral valve prolapse, a valvular heart disease characterized by abnormally elongated and thickened mitral valve leaflets, that typically show myxomatous degeneration with increased leaflet compliance. It is associated with mitral regurgitation. Myxomatous mitral valves have an abnormal layered architecture characterized by loose collagen in fibrosa, expanded spongiosa strongly positive for proteoglycans, and disrupted elastin in atrialis. In classic mitral valve prolapse, leaflets are at least 5 mm thick, whereas in the non-classic form, they are less than 5 mm thick. Severe classic mitral valve prolapse is strongly associated with arrhythmias, endocarditis, heart failure, and need for valve surgery. {ECO:0000269|PubMed:31118289}. Note=The disease is caused by variants affecting the gene represented in this entry.; DISEASE: Spermatogenic failure 47 (SPGF47) [MIM:619102]: An autosomal recessive infertility disorder caused by spermatogenesis defects resulting in asthenoteratozoospermia. SPGF47 is characterized by reduced sperm concentrations and immotile spermatozoa, with short or absent flagella as well as centriolar abnormalities. {ECO:0000269|PubMed:32051257}. Note=The disease is caused by variants affecting the gene represented in this entry.	Homo sapiens (Human)
46	P49810	PSEN2 AD4 PS2 PSNL2 STM2	DISEASE: Alzheimer disease 4 (AD4) [MIM:606889]: A familial early-onset form of Alzheimer disease. Alzheimer disease is a neurodegenerative disorder characterized by progressive dementia, loss of cognitive abilities, and deposition of fibrillar amyloid proteins as intraneuronal neurofibrillary tangles, extracellular amyloid plaques and vascular amyloid deposits. The major constituents of these plaques are neurotoxic amyloid-beta protein 40 and amyloid-beta protein 42, that are produced by the proteolysis of the transmembrane APP protein. The cytotoxic C-terminal fragments (CTFs) and the caspase-cleaved products, such as C31, are also implicated in neuronal death. {ECO:0000269|PubMed:10631141, ECO:0000269|PubMed:10732806, ECO:0000269|PubMed:14681895, ECO:0000269|PubMed:16752394, ECO:0000269|PubMed:16959576, ECO:0000269|PubMed:21285369, ECO:0000269|PubMed:21544564, ECO:0000269|PubMed:22503161, ECO:0000269|PubMed:24838186, ECO:0000269|PubMed:24844686, ECO:0000269|PubMed:27293189, ECO:0000269|PubMed:7638622, ECO:0000269|PubMed:7651536, ECO:0000269|PubMed:9384602}. Note=The disease is caused by variants affecting the gene represented in this entry.; DISEASE: Cardiomyopathy, dilated, 1V (CMD1V) [MIM:613697]: A disorder characterized by ventricular dilation and impaired systolic function, resulting in congestive heart failure and arrhythmia. Patients are at risk of premature death. {ECO:0000269|PubMed:17186461}. Note=The disease is caused by variants affecting the gene represented in this entry.	Homo sapiens (Human)
47	Q99967	CITED2 MRG1	DISEASE: Ventricular septal defect 2 (VSD2) [MIM:614431]: A common form of congenital cardiovascular anomaly that may occur alone or in combination with other cardiac malformations. It can affect any portion of the ventricular septum, resulting in abnormal communications between the two lower chambers of the heart. Classification is based on location of the communication, such as perimembranous, inlet, outlet (infundibular), central muscular, marginal muscular, or apical muscular defect. Large defects that go unrepaired may give rise to cardiac enlargement, congestive heart failure, pulmonary hypertension, Eisenmenger's syndrome, delayed fetal brain development, arrhythmias, and even sudden cardiac death. {ECO:0000269|PubMed:16287139}. Note=The disease is caused by variants affecting the gene represented in this entry.; DISEASE: Atrial septal defect 8 (ASD8) [MIM:614433]: A congenital heart malformation characterized by incomplete closure of the wall between the atria resulting in blood flow from the left to the right atria. {ECO:0000269|PubMed:16287139}. Note=The disease is caused by variants affecting the gene represented in this entry.	Homo sapiens (Human)
48	P45379	TNNT2	DISEASE: Cardiomyopathy, familial hypertrophic, 2 (CMH2) [MIM:115195]: A hereditary heart disorder characterized by ventricular hypertrophy, which is usually asymmetric and often involves the interventricular septum. The symptoms include dyspnea, syncope, collapse, palpitations, and chest pain. They can be readily provoked by exercise. The disorder has inter- and intrafamilial variability ranging from benign to malignant forms with high risk of cardiac failure and sudden cardiac death. {ECO:0000269|PubMed:10525521, ECO:0000269|PubMed:11034944, ECO:0000269|PubMed:12707239, ECO:0000269|PubMed:12974739, ECO:0000269|PubMed:15563892, ECO:0000269|PubMed:16199542, ECO:0000269|PubMed:21846512, ECO:0000269|PubMed:7898523, ECO:0000269|PubMed:8205619, ECO:0000269|PubMed:8989109, ECO:0000269|PubMed:9060892, ECO:0000269|PubMed:9140840, ECO:0000269|PubMed:9482583, ECO:0000269|Ref.19}. Note=The disease is caused by variants affecting the gene represented in this entry.; DISEASE: Cardiomyopathy, dilated, 1D (CMD1D) [MIM:601494]: A disorder characterized by ventricular dilation and impaired systolic function, resulting in congestive heart failure and arrhythmia. Patients are at risk of premature death. {ECO:0000269|PubMed:11106718, ECO:0000269|PubMed:11684629, ECO:0000269|PubMed:15542288, ECO:0000269|PubMed:15769782, ECO:0000269|PubMed:21846512}. Note=The disease is caused by variants affecting the gene represented in this entry.; DISEASE: Cardiomyopathy, familial restrictive 3 (RCM3) [MIM:612422]: A heart disorder characterized by impaired filling of the ventricles with reduced diastolic volume, in the presence of normal or near normal wall thickness and systolic function. {ECO:0000269|PubMed:16651346}. Note=The disease is caused by variants affecting the gene represented in this entry.	Homo sapiens (Human)
49	P68032	ACTC1 ACTC	DISEASE: Cardiomyopathy, dilated, 1R (CMD1R) [MIM:613424]: A disorder characterized by ventricular dilation and impaired systolic function, resulting in congestive heart failure and arrhythmia. Patients are at risk of premature death. {ECO:0000269|PubMed:9563954}. Note=The disease is caused by variants affecting the gene represented in this entry.; DISEASE: Cardiomyopathy, familial hypertrophic, 11 (CMH11) [MIM:612098]: A hereditary heart disorder characterized by ventricular hypertrophy, which is usually asymmetric and often involves the interventricular septum. The symptoms include dyspnea, syncope, collapse, palpitations, and chest pain. They can be readily provoked by exercise. The disorder has inter- and intrafamilial variability ranging from benign to malignant forms with high risk of cardiac failure and sudden cardiac death. {ECO:0000269|PubMed:10330430, ECO:0000269|PubMed:10966831, ECO:0000269|PubMed:14729850, ECO:0000269|PubMed:18403758}. Note=The disease is caused by variants affecting the gene represented in this entry.; DISEASE: Atrial septal defect 5 (ASD5) [MIM:612794]: A congenital heart malformation characterized by incomplete closure of the wall between the atria resulting in blood flow from the left to the right atria. {ECO:0000269|PubMed:17947298}. Note=The disease is caused by variants affecting the gene represented in this entry.	Homo sapiens (Human)
50	Q9Y4J8	DTNA DRP3	DISEASE: Left ventricular non-compaction 1 (LVNC1) [MIM:604169]: A form of left ventricular non-compaction, a cardiomyopathy due to myocardial morphogenesis arrest and characterized by a hypertrophic left ventricle, a severely thickened 2-layered myocardium, numerous prominent trabeculations, deep intertrabecular recesses, and poor systolic function. Clinical manifestations are variable. Some affected individuals experience no symptoms at all, others develop heart failure. In some cases, left ventricular non-compaction is associated with other congenital heart anomalies. LVNC1 is an autosomal dominant condition. {ECO:0000269|PubMed:11238270, ECO:0000269|PubMed:29118297}. Note=The disease is caused by variants affecting the gene represented in this entry.; DISEASE: Myopathy with myalgia, increased serum creatine kinase, and with or without episodic rhabdomyolysis 2 (MMCKR2) [MIM:620971]: An autosomal dominant muscular disorder characterized by myalgia, muscle cramps and exercise intolerance with variable ages of onset, and persistent elevations of serum creatine kinase levels. Muscle biopsy shows mixed myopathic and dystrophic findings, characterized by fiber size variability, internalized nuclei, and slightly increased extracellular connective tissue and inflammation. {ECO:0000269|PubMed:36799992}. Note=The disease may be caused by variants affecting the gene represented in this entry.	Homo sapiens (Human)
51	P63252	KCNJ2 IRK1	DISEASE: Long QT syndrome 7 (LQT7) [MIM:170390]: A heart disorder characterized by a prolonged QT interval on the ECG and polymorphic ventricular arrhythmias. They cause syncope and sudden death in response to exercise or emotional stress, and can present with a sentinel event of sudden cardiac death in infancy. Long QT syndrome type 7 manifests itself as a clinical triad consisting of potassium-sensitive periodic paralysis, ventricular ectopy and dysmorphic features. {ECO:0000269|PubMed:11371347, ECO:0000269|PubMed:12148092, ECO:0000269|PubMed:12163457, ECO:0000269|PubMed:16571646, ECO:0000269|PubMed:17324964}. Note=The disease is caused by variants affecting the gene represented in this entry.; DISEASE: Short QT syndrome 3 (SQT3) [MIM:609622]: A form of short QT syndrome, a heart disorder characterized by idiopathic persistently and uniformly short QT interval on ECG in the absence of structural heart disease in affected individuals. It can cause syncope and sudden death. SQT3 has a unique ECG phenotype characterized by asymmetrical T waves. {ECO:0000269|PubMed:15761194}. Note=The disease is caused by variants affecting the gene represented in this entry.; DISEASE: Atrial fibrillation, familial, 9 (ATFB9) [MIM:613980]: A familial form of atrial fibrillation, a common sustained cardiac rhythm disturbance. Atrial fibrillation is characterized by disorganized atrial electrical activity and ineffective atrial contraction promoting blood stasis in the atria and reduces ventricular filling. It can result in palpitations, syncope, thromboembolic stroke, and congestive heart failure. {ECO:0000269|PubMed:15922306}. Note=The disease is caused by variants affecting the gene represented in this entry.	Homo sapiens (Human)
52	O95255	ABCC6 ARA MRP6	DISEASE: Pseudoxanthoma elasticum (PXE) [MIM:264800]: A multisystem disorder characterized by accumulation of mineralized and fragmented elastic fibers in the skin, vascular walls, and Burch membrane in the eye. Clinically, patients exhibit characteristic lesions of the posterior segment of the eye including peau d'orange, angioid streaks, and choroidal neovascularizations, of the skin including soft, ivory colored papules in a reticular pattern that predominantly affect the neck and large flexor surfaces, and of the cardiovascular system with peripheral and coronary arterial occlusive disease as well as gastrointestinal bleedings. {ECO:0000269|PubMed:10811882, ECO:0000269|PubMed:10835642, ECO:0000269|PubMed:10954200, ECO:0000269|PubMed:11427982, ECO:0000269|PubMed:11536079, ECO:0000269|PubMed:11702217, ECO:0000269|PubMed:11880368, ECO:0000269|PubMed:15086542, ECO:0000269|PubMed:15098239, ECO:0000269|PubMed:15459974, ECO:0000269|PubMed:16086317, ECO:0000269|PubMed:17617515, ECO:0000269|PubMed:19339160, ECO:0000269|PubMed:20034067, ECO:0000269|PubMed:24277820, ECO:0000269|PubMed:25615550, ECO:0000269|PubMed:30154241}. Note=The disease is caused by variants affecting the gene represented in this entry. Homozygous or compound heterozygous ABCC6 mutations have been found in the overwhelming majority of cases. Individuals carrying heterozygous mutations express limited manifestations of the pseudoxanthoma elasticum phenotype.; DISEASE: Arterial calcification of infancy, generalized, 2 (GACI2) [MIM:614473]: A severe autosomal recessive disorder characterized by calcification of the internal elastic lamina of muscular arteries and stenosis due to myointimal proliferation. The disorder is often fatal within the first 6 months of life because of myocardial ischemia resulting in refractory heart failure. {ECO:0000269|PubMed:22209248}. Note=The disease is caused by variants affecting the gene represented in this entry.	Homo sapiens (Human)
53	P43694	GATA4	DISEASE: Atrial septal defect 2 (ASD2) [MIM:607941]: A congenital heart malformation characterized by incomplete closure of the wall between the atria resulting in blood flow from the left to the right atria. Patients show other heart abnormalities including ventricular and atrioventricular septal defects, pulmonary valve thickening or insufficiency of the cardiac valves. The disease is not associated with defects in the cardiac conduction system or non-cardiac abnormalities. {ECO:0000269|PubMed:12845333, ECO:0000269|PubMed:15810002, ECO:0000269|PubMed:17643447, ECO:0000269|PubMed:18055909, ECO:0000269|PubMed:20347099, ECO:0000269|PubMed:20659440, ECO:0000269|PubMed:27984724}. Note=The disease is caused by variants affecting the gene represented in this entry.; DISEASE: Ventricular septal defect 1 (VSD1) [MIM:614429]: A common form of congenital cardiovascular anomaly that may occur alone or in combination with other cardiac malformations. It can affect any portion of the ventricular septum, resulting in abnormal communications between the two lower chambers of the heart. Classification is based on location of the communication, such as perimembranous, inlet, outlet (infundibular), central muscular, marginal muscular, or apical muscular defect. Large defects that go unrepaired may give rise to cardiac enlargement, congestive heart failure, pulmonary hypertension, Eisenmenger's syndrome, delayed fetal brain development, arrhythmias, and even sudden cardiac death. {ECO:0000269|PubMed:18672102, ECO:0000269|PubMed:21110066, ECO:0000269|PubMed:21637914, ECO:0000269|PubMed:22101736}. Note=The disease is caused by variants affecting the gene represented in this entry.; DISEASE: Tetralogy of Fallot (TOF) [MIM:187500]: A congenital heart anomaly which consists of pulmonary stenosis, ventricular septal defect, dextroposition of the aorta (aorta is on the right side instead of the left) and hypertrophy of the right ventricle. In this condition, blood from both ventricles (oxygen-rich and oxygen-poor) is pumped into the body often causing cyanosis. {ECO:0000269|PubMed:18672102, ECO:0000269|PubMed:21110066, ECO:0000269|PubMed:24000169}. Note=The disease is caused by variants affecting the gene represented in this entry.; DISEASE: Atrioventricular septal defect 4 (AVSD4) [MIM:614430]: A congenital heart malformation characterized by a common atrioventricular junction coexisting with deficient atrioventricular septation. The complete form involves underdevelopment of the lower part of the atrial septum and the upper part of the ventricular septum; the valve itself is also shared. A less severe form, known as ostium primum atrial septal defect, is characterized by separate atrioventricular valvar orifices despite a common junction. {ECO:0000269|PubMed:17643447}. Note=The disease is caused by variants affecting the gene represented in this entry.; DISEASE: Testicular anomalies with or without congenital heart disease (TACHD) [MIM:615542]: A 46,XY disorder of sex development with variable clinical presentation and defects in testicular differentiation and function. Clinical features include ambiguous genitalia, fused labioscrotal folds, hypospadias, microphallus, and bilateral inguinal hernia containing gonads. {ECO:0000269|PubMed:21220346}. Note=The disease is caused by variants affecting the gene represented in this entry.; DISEASE: Note=GATA4 mutations can predispose to dilated cardiomyopathy (CMD), a disorder characterized by ventricular dilation and impaired systolic function, resulting in congestive heart failure and arrhythmia. Patients are at risk of premature death. {ECO:0000269|PubMed:24041700, ECO:0000269|PubMed:25017055}.	Homo sapiens (Human)
54	P04049	RAF1 RAF	DISEASE: Noonan syndrome 5 (NS5) [MIM:611553]: A form of Noonan syndrome, a disease characterized by short stature, facial dysmorphic features such as hypertelorism, a downward eyeslant and low-set posteriorly rotated ears, and a high incidence of congenital heart defects and hypertrophic cardiomyopathy. Other features can include a short neck with webbing or redundancy of skin, deafness, motor delay, variable intellectual deficits, multiple skeletal defects, cryptorchidism, and bleeding diathesis. Individuals with Noonan syndrome are at risk of juvenile myelomonocytic leukemia, a myeloproliferative disorder characterized by excessive production of myelomonocytic cells. {ECO:0000269|PubMed:17603482, ECO:0000269|PubMed:17603483, ECO:0000269|PubMed:20683980}. Note=The disease is caused by variants affecting the gene represented in this entry.; DISEASE: LEOPARD syndrome 2 (LPRD2) [MIM:611554]: A disorder characterized by lentigines, electrocardiographic conduction abnormalities, ocular hypertelorism, pulmonic stenosis, abnormalities of genitalia, retardation of growth, and sensorineural deafness. {ECO:0000269|PubMed:17603483}. Note=The disease is caused by variants affecting the gene represented in this entry.; DISEASE: Cardiomyopathy, dilated, 1NN (CMD1NN) [MIM:615916]: A disorder characterized by ventricular dilation and impaired systolic function, resulting in congestive heart failure and arrhythmia. Patients are at risk of premature death. {ECO:0000269|PubMed:24777450}. Note=The disease is caused by variants affecting the gene represented in this entry.	Homo sapiens (Human)
55	Q96JQ0	DCHS1 CDH19 CDH25 FIB1 KIAA1773 PCDH16	DISEASE: Van Maldergem syndrome 1 (VMLDS1) [MIM:601390]: An autosomal recessive disorder characterized by intellectual disability, typical craniofacial features, auditory malformations resulting in hearing loss, and skeletal and limb malformations. Some patients have renal hypoplasia. Brain MRI typically shows periventricular nodular heterotopia. {ECO:0000269|PubMed:24056717}. Note=The disease is caused by variants affecting the gene represented in this entry.; DISEASE: Mitral valve prolapse 2 (MVP2) [MIM:607829]: A form of mitral valve prolapse, a valvular heart disease characterized by abnormally elongated and thickened mitral valve leaflets, that typically show myxomatous degeneration with increased leaflet compliance. It is associated with mitral regurgitation. Myxomatous mitral valves have an abnormal layered architecture characterized by loose collagen in fibrosa, expanded spongiosa strongly positive for proteoglycans, and disrupted elastin in atrialis. In classic mitral valve prolapse, leaflets are at least 5 mm thick, whereas in the non-classic form, they are less than 5 mm thick. Severe classic mitral valve prolapse is strongly associated with arrhythmias, endocarditis, heart failure, and need for valve surgery. MVP2 inheritance is autosomal dominant. {ECO:0000269|PubMed:26258302}. Note=The disease is caused by variants affecting the gene represented in this entry.	Homo sapiens (Human)
56	P11532	DMD	DISEASE: Duchenne muscular dystrophy (DMD) [MIM:310200]: Most common form of muscular dystrophy; a sex-linked recessive disorder. It typically presents in boys aged 3 to 7 year as proximal muscle weakness causing waddling gait, toe-walking, lordosis, frequent falls, and difficulty in standing up and climbing up stairs. The pelvic girdle is affected first, then the shoulder girdle. Progression is steady and most patients are confined to a wheelchair by age of 10 or 12. Flexion contractures and scoliosis ultimately occur. About 50% of patients have a lower IQ than their genetic expectations would suggest. There is no treatment. {ECO:0000269|PubMed:12632325, ECO:0000269|PubMed:24302611, ECO:0000269|PubMed:7981590, ECO:0000269|PubMed:7981690, ECO:0000269|PubMed:8401582, ECO:0000269|PubMed:8817332, ECO:0000269|PubMed:9851445}. Note=The disease is caused by variants affecting the gene represented in this entry.; DISEASE: Becker muscular dystrophy (BMD) [MIM:300376]: A neuromuscular disorder characterized by dystrophin deficiency. It appears between the age of 5 and 15 years with a proximal motor deficiency of variable progression. Heart involvement can be the initial sign. Becker muscular dystrophy has a more benign course than Duchenne muscular dystrophy. {ECO:0000269|PubMed:10573008, ECO:0000269|PubMed:7951253, ECO:0000269|PubMed:8281150}. Note=The disease is caused by variants affecting the gene represented in this entry.; DISEASE: Cardiomyopathy, dilated, 3B (CMD3B) [MIM:302045]: A disorder characterized by ventricular dilation and impaired systolic function, resulting in congestive heart failure and arrhythmia. Patients are at risk of premature death. CMD3B is an X-linked disorder. {ECO:0000269|PubMed:12359139, ECO:0000269|PubMed:25340340, ECO:0000269|PubMed:32410525, ECO:0000269|PubMed:9170407}. Note=The disease is caused by variants affecting the gene represented in this entry.	Homo sapiens (Human)
57	Q9UGJ0	PRKAG2	DISEASE: Wolff-Parkinson-White syndrome (WPW) [MIM:194200]: A supernormal conduction disorder characterized by the presence of one or several accessory atrioventricular connections, which can lead to episodes of sporadic tachycardia. {ECO:0000269|PubMed:11407343, ECO:0000269|PubMed:11748095, ECO:0000269|PubMed:14722619}. Note=The disease is caused by variants affecting the gene represented in this entry.; DISEASE: Cardiomyopathy, familial hypertrophic, 6 (CMH6) [MIM:600858]: A hereditary heart disorder characterized by ventricular hypertrophy, which is usually asymmetric and often involves the interventricular septum. The symptoms include dyspnea, syncope, collapse, palpitations, and chest pain. They can be readily provoked by exercise. The disorder has inter- and intrafamilial variability ranging from benign to malignant forms with high risk of cardiac failure and sudden cardiac death. CMH6 patients present Wolff-Parkinson-White ventricular preexcitation, enlarged myocytes without myofiber disarray, and glycogen-containing cytosolic vacuoles within cardiomyocytes. {ECO:0000269|PubMed:11371514, ECO:0000269|PubMed:11827995}. Note=The disease is caused by variants affecting the gene represented in this entry.; DISEASE: Glycogen storage disease of heart lethal congenital (GSDH) [MIM:261740]: Rare disease which leads to death within a few weeks to a few months after birth, through heart failure and respiratory compromise. {ECO:0000269|PubMed:15877279}. Note=The disease is caused by variants affecting the gene represented in this entry.	Homo sapiens (Human)
58	P12883	MYH7 MYHCB	DISEASE: Cardiomyopathy, familial hypertrophic, 1 (CMH1) [MIM:192600]: A hereditary heart disorder characterized by ventricular hypertrophy, which is usually asymmetric and often involves the interventricular septum. The symptoms include dyspnea, syncope, collapse, palpitations, and chest pain. They can be readily provoked by exercise. The disorder has inter- and intrafamilial variability ranging from benign to malignant forms with high risk of cardiac failure and sudden cardiac death. {ECO:0000269|PubMed:10065021, ECO:0000269|PubMed:10329202, ECO:0000269|PubMed:10521296, ECO:0000269|PubMed:10563488, ECO:0000269|PubMed:10679957, ECO:0000269|PubMed:10862102, ECO:0000269|PubMed:11113006, ECO:0000269|PubMed:11133230, ECO:0000269|PubMed:11214007, ECO:0000269|PubMed:11424919, ECO:0000269|PubMed:11733062, ECO:0000269|PubMed:11861413, ECO:0000269|PubMed:11968089, ECO:0000269|PubMed:12081993, ECO:0000269|PubMed:12566107, ECO:0000269|PubMed:12590187, ECO:0000269|PubMed:12707239, ECO:0000269|PubMed:12818575, ECO:0000269|PubMed:12820698, ECO:0000269|PubMed:12951062, ECO:0000269|PubMed:12974739, ECO:0000269|PubMed:12975413, ECO:0000269|PubMed:1417858, ECO:0000269|PubMed:15358028, ECO:0000269|PubMed:15483641, ECO:0000269|PubMed:1552912, ECO:0000269|PubMed:15563892, ECO:0000269|PubMed:15856146, ECO:0000269|PubMed:15858117, ECO:0000269|PubMed:16199542, ECO:0000269|PubMed:16267253, ECO:0000269|PubMed:1638703, ECO:0000269|PubMed:16650083, ECO:0000269|PubMed:16938236, ECO:0000269|PubMed:17095604, ECO:0000269|PubMed:17372140, ECO:0000269|PubMed:18175163, ECO:0000269|PubMed:18403758, ECO:0000269|PubMed:1975517, ECO:0000269|PubMed:25182012, ECO:0000269|PubMed:7581410, ECO:0000269|PubMed:7731997, ECO:0000269|PubMed:7848441, ECO:0000269|PubMed:7874131, ECO:0000269|PubMed:7909436, ECO:0000269|PubMed:8250038, ECO:0000269|PubMed:8254035, ECO:0000269|PubMed:8268932, ECO:0000269|PubMed:8282798, ECO:0000269|PubMed:8343162, ECO:0000269|PubMed:8435239, ECO:0000269|PubMed:8483915, ECO:0000269|PubMed:8533830, ECO:0000269|PubMed:8655135, ECO:0000269|PubMed:8899546, ECO:0000269|PubMed:9544842, ECO:0000269|PubMed:9822100, ECO:0000269|PubMed:9829907}. Note=The disease is caused by variants affecting the gene represented in this entry.; DISEASE: Congenital myopathy 7A, myosin storage, autosomal dominant (CMYO7A) [MIM:608358]: A skeletal muscle disorder characterized by prominent axial and proximal weakening, spinal stiffness, severe scoliosis, with or without respiratory and cardiac involvement. The age at symptom onset can range from early childhood to late adulthood, and disease severity ranges from asymptomatic to severe muscular weakness and respiratory insufficiency. Histopathological examination shows variable findings including subsarcolemmal hyaline bodies in type 1 fibers. {ECO:0000269|PubMed:14520662, ECO:0000269|PubMed:15136674, ECO:0000269|PubMed:16684601, ECO:0000269|PubMed:17336526}. Note=The disease is caused by variants affecting the gene represented in this entry.; DISEASE: Cardiomyopathy, dilated, 1S (CMD1S) [MIM:613426]: A disorder characterized by ventricular dilation and impaired systolic function, resulting in congestive heart failure and arrhythmia. Patients are at risk of premature death. {ECO:0000269|PubMed:11106718, ECO:0000269|PubMed:12379228, ECO:0000269|PubMed:15769782, ECO:0000269|PubMed:18506004, ECO:0000269|PubMed:21127202, ECO:0000269|PubMed:21846512}. Note=The disease is caused by variants affecting the gene represented in this entry.; DISEASE: Myopathy, distal, 1 (MPD1) [MIM:160500]: A muscular disorder characterized by early-onset selective weakness of the great toe and ankle dorsiflexors, followed by weakness of the finger extensors. Mild proximal weakness occasionally develops years later after the onset of the disease. {ECO:0000269|PubMed:15322983, ECO:0000269|PubMed:17548557}. Note=The disease is caused by variants affecting the gene represented in this entry.; DISEASE: Congenital myopathy 7B, myosin storage, autosomal recessive (CMYO7B) [MIM:255160]: A skeletal muscle disorder characterized by the onset of scapuloperoneal muscle weakness in early childhood or young adulthood. Affected individuals have difficulty walking, steppage gait, and scapular winging due to shoulder girdle involvement. The severity and progression of the disorder is highly variable. Most patients develop respiratory insufficiency and restrictive lung disease. Some develop hypertrophic cardiomyopathy. Histopathological examination shows variable findings including subsarcolemmal hyaline bodies in type 1 fibers. {ECO:0000269|PubMed:25666907}. Note=The disease is caused by variants affecting the gene represented in this entry.; DISEASE: Left ventricular non-compaction 5 (LVNC5) [MIM:613426]: A form of left ventricular non-compaction, a cardiomyopathy due to myocardial morphogenesis arrest and characterized by a hypertrophic left ventricle, a severely thickened 2-layered myocardium, numerous prominent trabeculations, deep intertrabecular recesses, and poor systolic function. Clinical manifestations are variable. Some affected individuals experience no symptoms at all, others develop heart failure. In some cases, left ventricular non-compaction is associated with other congenital heart anomalies. LVNC5 is an autosomal dominant condition. {ECO:0000269|PubMed:18506004}. Note=The disease is caused by variants affecting distinct genetic loci, including the gene represented in this entry.	Homo sapiens (Human)
59	P25705	ATP5F1A ATP5A ATP5A1 ATP5AL2 ATPM	DISEASE: Combined oxidative phosphorylation deficiency 22 (COXPD22) [MIM:616045]: A mitochondrial disorder characterized by intrauterine growth retardation, microcephaly, hypotonia, pulmonary hypertension, failure to thrive, encephalopathy, and heart failure. {ECO:0000269|PubMed:23596069}. Note=The disease is caused by variants affecting the gene represented in this entry.; DISEASE: Mitochondrial complex V deficiency, nuclear type 4A (MC5DN4A) [MIM:620358]: An autosomal dominant mitochondrial disorder characterized by failure to thrive, feeding difficulties, hyperlactatemia, hyperammonemia, and increased serum alanine levels. Some affected individuals show spontaneous resolution of the symptoms in early childhood and have subsequent normal growth and development, whereas others show developmental delay with impaired intellectual development and movement abnormalities, including dystonia, ataxia, or spasticity. {ECO:0000269|PubMed:34483339, ECO:0000269|PubMed:34954817}. Note=The disease is caused by variants affecting the gene represented in this entry.; DISEASE: Mitochondrial complex V deficiency, nuclear type 4B (MC5DN4B) [MIM:615228]: An autosomal recessive mitochondrial disorder characterized by severe neonatal encephalopathy resulting in death in the first weeks of life. Affected individuals do not show dysmorphic features or organomegaly, and manifest neurologic features such as irritability, a high-pitched cry, a horizontal and vertical nystagmus, abnormal primitive reflexes, and tonus dysregulation. Post-mortem anatomopathological examination shows extensive cerebral damage, hypoplastic lungs, and renal and skeletal lesions. {ECO:0000269|PubMed:23599390}. Note=The disease is caused by variants affecting the gene represented in this entry.	Homo sapiens (Human)
60	Q86TC9	MYPN MYOP	DISEASE: Congenital myopathy 24 (CMYO24) [MIM:617336]: An autosomal recessive muscular disorder characterized by slowly progressive muscle weakness and atrophy, mainly affecting the lower limbs and neck. Some patients may have mild cardiac or respiratory involvement, but they do not have respiratory failure. Muscle biopsy shows nemaline bodies. {ECO:0000269|PubMed:28017374}. Note=The disease is caused by variants affecting the gene represented in this entry.; DISEASE: Cardiomyopathy, dilated, 1KK (CMD1KK) [MIM:615248]: A disorder characterized by ventricular dilation and impaired systolic function, resulting in congestive heart failure and arrhythmia. Patients are at risk of premature death. {ECO:0000269|PubMed:18006477, ECO:0000269|PubMed:22286171, ECO:0000269|PubMed:22892539}. Note=The disease is caused by variants affecting the gene represented in this entry.; DISEASE: Cardiomyopathy, familial hypertrophic, 22 (CMH22) [MIM:615248]: A hereditary heart disorder characterized by ventricular hypertrophy, which is usually asymmetric and often involves the interventricular septum. The symptoms include dyspnea, syncope, collapse, palpitations, and chest pain. They can be readily provoked by exercise. The disorder has inter- and intrafamilial variability ranging from benign to malignant forms with high risk of cardiac failure and sudden cardiac death. {ECO:0000269|PubMed:22286171}. Note=The disease is caused by variants affecting the gene represented in this entry.; DISEASE: Cardiomyopathy, familial restrictive 4 (RCM4) [MIM:615248]: A heart disorder characterized by impaired filling of the ventricles with reduced diastolic volume, in the presence of normal or near normal wall thickness and systolic function. {ECO:0000269|PubMed:22286171}. Note=The disease is caused by variants affecting the gene represented in this entry.	Homo sapiens (Human)
61	O75072	FKTN FCMD	DISEASE: Muscular dystrophy-dystroglycanopathy congenital with brain and eye anomalies A4 (MDDGA4) [MIM:253800]: An autosomal recessive disorder characterized by congenital muscular dystrophy associated with cobblestone lissencephaly and other brain anomalies, eye malformations, profound intellectual disability, and death usually in the first years of life. Included diseases are the more severe Walker-Warburg syndrome and the slightly less severe muscle-eye-brain disease. {ECO:0000269|PubMed:10545611, ECO:0000269|PubMed:17034757, ECO:0000269|PubMed:19179078, ECO:0000269|PubMed:22958903, ECO:0000269|PubMed:24530477}. Note=The disease is caused by variants affecting the gene represented in this entry.; DISEASE: Muscular dystrophy-dystroglycanopathy congenital without impaired intellectual development B4 (MDDGB4) [MIM:613152]: An autosomal recessive disorder characterized by congenital muscular dystrophy and evidence of dystroglycanopathy. Features included increased serum creatine kinase, generalized weakness, mild white matter changes on brain MRI, and absence of intellectual disability. {ECO:0000269|PubMed:14627679, ECO:0000269|PubMed:18177472, ECO:0000269|PubMed:19179078, ECO:0000269|PubMed:19299310}. Note=The disease is caused by variants affecting the gene represented in this entry.; DISEASE: Muscular dystrophy-dystroglycanopathy limb-girdle C4 (MDDGC4) [MIM:611588]: An autosomal recessive degenerative myopathy characterized by progressive weakness of the pelvic and shoulder girdle muscles, and elevated serum creatine kinase. MDDGC4 has no brain involvement and a remarkable clinical response to corticosteroids. {ECO:0000269|PubMed:17044012, ECO:0000269|PubMed:19342235}. Note=The disease is caused by variants affecting the gene represented in this entry.; DISEASE: Cardiomyopathy, dilated, 1X (CMD1X) [MIM:611615]: A disorder characterized by ventricular dilation and impaired systolic function, resulting in congestive heart failure and arrhythmia. Patients are at risk of premature death. {ECO:0000269|PubMed:17036286}. Note=The disease is caused by variants affecting the gene represented in this entry.	Homo sapiens (Human)
62	P13533	MYH6 MYHCA	DISEASE: Atrial septal defect 3 (ASD3) [MIM:614089]: A congenital heart malformation characterized by incomplete closure of the wall between the atria resulting in blood flow from the left to the right atria. {ECO:0000269|PubMed:15735645}. Note=The disease is caused by variants affecting the gene represented in this entry.; DISEASE: Cardiomyopathy, familial hypertrophic, 14 (CMH14) [MIM:613251]: A hereditary heart disorder characterized by ventricular hypertrophy, which is usually asymmetric and often involves the interventricular septum. The symptoms include dyspnea, syncope, collapse, palpitations, and chest pain. They can be readily provoked by exercise. The disorder has inter- and intrafamilial variability ranging from benign to malignant forms with high risk of cardiac failure and sudden cardiac death. {ECO:0000269|PubMed:11815426, ECO:0000269|PubMed:15998695}. Note=The disease is caused by variants affecting the gene represented in this entry.; DISEASE: Cardiomyopathy, dilated, 1EE (CMD1EE) [MIM:613252]: A disorder characterized by ventricular dilation and impaired systolic function, resulting in congestive heart failure and arrhythmia. Patients are at risk of premature death. {ECO:0000269|PubMed:15998695}. Note=The disease is caused by variants affecting the gene represented in this entry.; DISEASE: Sick sinus syndrome 3 (SSS3) [MIM:614090]: The term 'sick sinus syndrome' encompasses a variety of conditions caused by sinus node dysfunction. The most common clinical manifestations are syncope, presyncope, dizziness, and fatigue. Electrocardiogram typically shows sinus bradycardia, sinus arrest, and/or sinoatrial block. Episodes of atrial tachycardias coexisting with sinus bradycardia ('tachycardia-bradycardia syndrome') are also common in this disorder. SSS occurs most often in the elderly associated with underlying heart disease or previous cardiac surgery, but can also occur in the fetus, infant, or child without heart disease or other contributing factors. {ECO:0000269|PubMed:21378987}. Note=Disease susceptibility is associated with variants affecting the gene represented in this entry. The lifetime risk of being diagnosed with sick sinus syndrome is higher for carriers of variant p.Arg721Trp than for non-carriers. {ECO:0000269|PubMed:21378987}.	Homo sapiens (Human)
63	Q07699	SCN1B	DISEASE: Generalized epilepsy with febrile seizures plus 1 (GEFSP1) [MIM:604233]: A rare autosomal dominant, familial condition with incomplete penetrance and large intrafamilial variability. Patients display febrile seizures persisting sometimes beyond the age of 6 years and/or a variety of afebrile seizure types. This disease combines febrile seizures, generalized seizures often precipitated by fever at age 6 years or more, and partial seizures, with a variable degree of severity. {ECO:0000269|PubMed:17928445, ECO:0000269|PubMed:21040232, ECO:0000269|PubMed:9697698}. Note=The disease is caused by variants affecting the gene represented in this entry.; DISEASE: Brugada syndrome 5 (BRGDA5) [MIM:612838]: A tachyarrhythmia characterized by right bundle branch block and ST segment elevation on an electrocardiogram (ECG). It can cause the ventricles to beat so fast that the blood is prevented from circulating efficiently in the body. When this situation occurs, the individual will faint and may die in a few minutes if the heart is not reset. {ECO:0000269|PubMed:18464934}. Note=The gene represented in this entry may be involved in disease pathogenesis.; DISEASE: Atrial fibrillation, familial, 13 (ATFB13) [MIM:615377]: A familial form of atrial fibrillation, a common sustained cardiac rhythm disturbance. Atrial fibrillation is characterized by disorganized atrial electrical activity and ineffective atrial contraction promoting blood stasis in the atria and reduces ventricular filling. It can result in palpitations, syncope, thromboembolic stroke, and congestive heart failure. {ECO:0000269|PubMed:19808477}. Note=The disease is caused by variants affecting the gene represented in this entry.; DISEASE: Developmental and epileptic encephalopathy 52 (DEE52) [MIM:617350]: A form of epileptic encephalopathy, a heterogeneous group of severe early-onset epilepsies characterized by refractory seizures, neurodevelopmental impairment, and poor prognosis. Development is normal prior to seizure onset, after which cognitive and motor delays become apparent. DEE52 inheritance is autosomal recessive. {ECO:0000269|PubMed:19710327, ECO:0000269|PubMed:23148524}. Note=The disease is caused by variants affecting the gene represented in this entry.	Homo sapiens (Human)
64	Q14524	SCN5A	DISEASE: Progressive familial heart block 1A (PFHB1A) [MIM:113900]: A cardiac bundle branch disorder characterized by progressive alteration of cardiac conduction through the His-Purkinje system, with a pattern of a right bundle-branch block and/or left anterior hemiblock occurring individually or together. It leads to complete atrio-ventricular block causing syncope and sudden death. {ECO:0000269|PubMed:11234013, ECO:0000269|PubMed:11804990, ECO:0000269|PubMed:12569159, ECO:0000269|PubMed:12574143, ECO:0000269|PubMed:19251209, ECO:0000269|PubMed:23420830}. Note=The disease is caused by variants affecting the gene represented in this entry.; DISEASE: Long QT syndrome 3 (LQT3) [MIM:603830]: A heart disorder characterized by a prolonged QT interval on the ECG and polymorphic ventricular arrhythmias. They cause syncope and sudden death in response to exercise or emotional stress, and can present with a sentinel event of sudden cardiac death in infancy. {ECO:0000269|PubMed:10377081, ECO:0000269|PubMed:10508990, ECO:0000269|PubMed:10590249, ECO:0000269|PubMed:10627139, ECO:0000269|PubMed:10911008, ECO:0000269|PubMed:10973849, ECO:0000269|PubMed:11304498, ECO:0000269|PubMed:11410597, ECO:0000269|PubMed:11535573, ECO:0000269|PubMed:11710892, ECO:0000269|PubMed:11889015, ECO:0000269|PubMed:11997281, ECO:0000269|PubMed:12209021, ECO:0000269|PubMed:12454206, ECO:0000269|PubMed:12673799, ECO:0000269|PubMed:15840476, ECO:0000269|PubMed:16414944, ECO:0000269|PubMed:16922724, ECO:0000269|PubMed:18060054, ECO:0000269|PubMed:18378609, ECO:0000269|PubMed:18451998, ECO:0000269|PubMed:18708744, ECO:0000269|PubMed:18848812, ECO:0000269|PubMed:18929331, ECO:0000269|PubMed:19027780, ECO:0000269|PubMed:19716085, ECO:0000269|PubMed:26392562, ECO:0000269|PubMed:7651517, ECO:0000269|PubMed:7889574, ECO:0000269|PubMed:8541846, ECO:0000269|PubMed:9506831, ECO:0000269|PubMed:9686753, ECO:0000269|Ref.39}. Note=The disease is caused by variants affecting the gene represented in this entry.; DISEASE: Brugada syndrome 1 (BRGDA1) [MIM:601144]: A tachyarrhythmia characterized by right bundle branch block and ST segment elevation on an electrocardiogram (ECG). It can cause the ventricles to beat so fast that the blood is prevented from circulating efficiently in the body. When this situation occurs, the individual will faint and may die in a few minutes if the heart is not reset. {ECO:0000269|PubMed:10532948, ECO:0000269|PubMed:10618304, ECO:0000269|PubMed:10690282, ECO:0000269|PubMed:11410597, ECO:0000269|PubMed:11748104, ECO:0000269|PubMed:11823453, ECO:0000269|PubMed:11901046, ECO:0000269|PubMed:12051963, ECO:0000269|PubMed:12106943, ECO:0000269|PubMed:15023552, ECO:0000269|PubMed:15338453, ECO:0000269|PubMed:15579534, ECO:0000269|PubMed:15851320, ECO:0000269|PubMed:16266370, ECO:0000269|PubMed:16325048, ECO:0000269|PubMed:16616735, ECO:0000269|PubMed:17075016, ECO:0000269|PubMed:17081365, ECO:0000269|PubMed:17198989, ECO:0000269|PubMed:18252757, ECO:0000269|PubMed:18341814, ECO:0000269|PubMed:18451998, ECO:0000269|PubMed:18456723, ECO:0000269|PubMed:18616619, ECO:0000269|PubMed:19027780, ECO:0000269|PubMed:19251209, ECO:0000269|PubMed:19272188, ECO:0000269|PubMed:20129283, ECO:0000269|PubMed:23085483, ECO:0000269|PubMed:23420830, ECO:0000269|PubMed:24167619, ECO:0000269|PubMed:26279430, ECO:0000269|PubMed:26776555, ECO:0000269|PubMed:32850980, ECO:0000269|PubMed:9521325}. Note=The disease is caused by variants affecting the gene represented in this entry.; DISEASE: Sick sinus syndrome 1 (SSS1) [MIM:608567]: The term 'sick sinus syndrome' encompasses a variety of conditions caused by sinus node dysfunction. The most common clinical manifestations are syncope, presyncope, dizziness, and fatigue. Electrocardiogram typically shows sinus bradycardia, sinus arrest, and/or sinoatrial block. Episodes of atrial tachycardias coexisting with sinus bradycardia ('tachycardia-bradycardia syndrome') are also common in this disorder. SSS occurs most often in the elderly associated with underlying heart disease or previous cardiac surgery, but can also occur in the fetus, infant, or child without heart disease or other contributing factors. SSS1 onset is in utero, infancy, or early childhood. {ECO:0000269|PubMed:11748104, ECO:0000269|PubMed:14523039, ECO:0000269|PubMed:22795782}. Note=The disease is caused by variants affecting the gene represented in this entry.; DISEASE: Familial paroxysmal ventricular fibrillation 1 (VF1) [MIM:603829]: A cardiac arrhythmia marked by fibrillary contractions of the ventricular muscle due to rapid repetitive excitation of myocardial fibers without coordinated contraction of the ventricle and by absence of atrial activity. {ECO:0000269|PubMed:10940383}. Note=The disease is caused by variants affecting the gene represented in this entry.; DISEASE: Sudden infant death syndrome (SIDS) [MIM:272120]: SIDS is the sudden death of an infant younger than 1 year that remains unexplained after a thorough case investigation, including performance of a complete autopsy, examination of the death scene, and review of clinical history. Pathophysiologic mechanisms for SIDS may include respiratory dysfunction, cardiac dysrhythmias, cardiorespiratory instability, and inborn errors of metabolism, but definitive pathogenic mechanisms precipitating an infant sudden death remain elusive. {ECO:0000269|PubMed:18596570, ECO:0000269|PubMed:19302788}. Note=Disease susceptibility is associated with variants affecting the gene represented in this entry.; DISEASE: Atrial standstill 1 (ATRST1) [MIM:108770]: A rare arrhythmia characterized by the absence of electrical and mechanical activity in the atria. Electrocardiographically, it is characterized by bradycardia, the absence of P waves, and a junctional narrow complex escape rhythm. {ECO:0000269|PubMed:12522116, ECO:0000269|PubMed:23420830}. Note=The disease may be caused by variants affecting distinct genetic loci, including the gene represented in this entry. A mutation in SCN5A has been detected in combination with a rare GJA5 genotype in a large family with atrial standstill.; DISEASE: Cardiomyopathy, dilated, 1E (CMD1E) [MIM:601154]: A disorder characterized by ventricular dilation and impaired systolic function, resulting in congestive heart failure and arrhythmia. Patients are at risk of premature death. {ECO:0000269|PubMed:15466643, ECO:0000269|PubMed:23420830}. Note=The disease is caused by variants affecting the gene represented in this entry.; DISEASE: Atrial fibrillation, familial, 10 (ATFB10) [MIM:614022]: A familial form of atrial fibrillation, a common sustained cardiac rhythm disturbance. Atrial fibrillation is characterized by disorganized atrial electrical activity and ineffective atrial contraction promoting blood stasis in the atria and reduces ventricular filling. It can result in palpitations, syncope, thromboembolic stroke, and congestive heart failure. {ECO:0000269|PubMed:18088563, ECO:0000269|PubMed:18378609}. Note=The disease is caused by variants affecting the gene represented in this entry.	Homo sapiens (Human)
65	Q15911	ZFHX3 ATBF1 C16orf47	DISEASE: Atrial fibrillation, familial, 8 (ATFB8) [MIM:613055]: A familial form of atrial fibrillation, a common sustained cardiac rhythm disturbance. Atrial fibrillation is characterized by disorganized atrial electrical activity and ineffective atrial contraction promoting blood stasis in the atria and reduces ventricular filling. It can result in palpitations, syncope, thromboembolic stroke, and congestive heart failure. {ECO:0000269|PubMed:19597491, ECO:0000269|PubMed:19597492, ECO:0000269|PubMed:37449401}. Note=Disease susceptibility is associated with variants affecting the gene represented in this entry. An intronic C-to-A transversion (rs12931021) correlates with decreased ZFHX3 expression and increased risk of atrial fibrillation. {ECO:0000269|PubMed:37449401}.; DISEASE: Spinocerebellar ataxia 4 (SCA4) [MIM:600223]: A form of spinocerebellar ataxia, a clinically and genetically heterogeneous group of cerebellar disorders. Patients show progressive incoordination of gait and often poor coordination of hands, speech and eye movements, due to degeneration of the cerebellum with variable involvement of the brainstem and spinal cord. SCA4 is characterized by the onset of balance disturbances and gait and limb ataxia usually in the fourth decade, although earlier onset in the teens or twenties has been reported. There is evidence of genetic anticipation within families. Inheritance is autosomal dominant. {ECO:0000269|PubMed:38035881, ECO:0000269|PubMed:38684900}. Note=The disease is caused by variants affecting the gene represented in this entry. SCA4 is caused by heterozygous triplet repeat expansions in the poly-Gly tract. Affected individuals have expansions ranging from 42 to 74 repeats, while the number of repeats ranges from 14 to 26 in the general population (PubMed:38035881, PubMed:38684900). Patient-derived cells have increased ZFHX3 protein levels and show features of abnormal autophagy (PubMed:38684900). {ECO:0000269|PubMed:38035881, ECO:0000269|PubMed:38684900}.; DISEASE: Epilepsy, idiopathic generalized 20 (EIG20) [MIM:621500]: An autosomal recessive form of idiopathic generalized epilepsy, a disorder characterized by recurring generalized seizures in the absence of detectable brain lesions and/or metabolic abnormalities. Generalized seizures arise diffusely and simultaneously from both hemispheres of the brain. Seizure types include juvenile myoclonic seizures, absence seizures, and generalized tonic-clonic seizures. EIG20 is characterized by onset of partial epilepsy between infancy and teenage years and seizures progression to complex partial epilepsy and secondary generalized tonic-clonic seizures. Some patients show global developmental delay. {ECO:0000269|PubMed:38508705}. Note=The disease may be caused by variants affecting the gene represented in this entry.	Homo sapiens (Human)
66	P22413	ENPP1 M6S1 NPPS PC1 PDNP1	DISEASE: Ossification of the posterior longitudinal ligament of the spine (OPLL) [MIM:602475]: A calcification of the posterior longitudinal ligament of the spinal column, usually at the level of the cervical spine. Patients with OPLL frequently present with a severe myelopathy that can lead to tetraparesis. {ECO:0000269|PubMed:10453738}. Note=The disease is caused by variants affecting the gene represented in this entry.; DISEASE: Arterial calcification of infancy, generalized, 1 (GACI1) [MIM:208000]: A severe autosomal recessive disorder characterized by calcification of the internal elastic lamina of muscular arteries and stenosis due to myointimal proliferation. The disorder is often fatal within the first 6 months of life because of myocardial ischemia resulting in refractory heart failure. {ECO:0000269|PubMed:12881724, ECO:0000269|PubMed:15605415, ECO:0000269|PubMed:15940697, ECO:0000269|PubMed:20016754, ECO:0000269|PubMed:22209248, ECO:0000269|PubMed:23430823, ECO:0000269|PubMed:27467858}. Note=The disease is caused by variants affecting the gene represented in this entry.; DISEASE: Type 2 diabetes mellitus (T2D) [MIM:125853]: A multifactorial disorder of glucose homeostasis caused by a lack of sensitivity to insulin. Affected individuals usually have an obese body habitus and manifestations of a metabolic syndrome characterized by diabetes, insulin resistance, hypertension and hypertriglyceridemia. The disease results in long-term complications that affect the eyes, kidneys, nerves, and blood vessels. {ECO:0000269|PubMed:16186408, ECO:0000269|PubMed:29958952}. Note=Disease susceptibility is associated with variants affecting the gene represented in this entry.; DISEASE: Hypophosphatemic rickets, autosomal recessive, 2 (ARHR2) [MIM:613312]: A hereditary form of hypophosphatemic rickets, a disorder of proximal renal tubule function that causes phosphate loss, hypophosphatemia and skeletal deformities, including rickets and osteomalacia unresponsive to vitamin D. Symptoms are bone pain, fractures and growth abnormalities. {ECO:0000269|PubMed:20137772, ECO:0000269|PubMed:20137773, ECO:0000269|PubMed:25741938}. Note=The disease is caused by variants affecting the gene represented in this entry.; DISEASE: Cole disease (COLED) [MIM:615522]: A rare autosomal dominant genodermatosis characterized by punctate keratoderma associated with irregularly shaped hypopigmented macules, which are typically found over the arms and legs but not the trunk or acral regions. Skin biopsies of palmoplantar lesions show hyperorthokeratosis, hypergranulosis, and acanthosis. Hypopigmented areas of skin, however, reveal a reduction in melanin content in keratinocytes but not in melanocytes, as well as hyperkeratosis and a normal number of melanocytes. Ultrastructurally, melanocytes show a disproportionately large number of melanosomes in the cytoplasm and dendrites, whereas keratinocytes show a paucity of these organelles, suggestive of impaired melanosome transfer. Some patients also exhibit calcinosis cutis or calcific tendinopathy. {ECO:0000269|PubMed:24075184, ECO:0000269|PubMed:26617416, ECO:0000269|PubMed:28964717}. Note=The disease is caused by variants affecting the gene represented in this entry.	Homo sapiens (Human)
67	P31040	SDHA SDH2 SDHF	DISEASE: Mitochondrial complex II deficiency, nuclear type 1 (MC2DN1) [MIM:252011]: A disorder of the mitochondrial respiratory chain with heterogeneous clinical manifestations. Clinical features include psychomotor regression in infants, poor growth with lack of speech development, severe spastic quadriplegia, dystonia, progressive leukoencephalopathy, muscle weakness, exercise intolerance, cardiomyopathy. Some patients manifest Leigh syndrome or Kearns-Sayre syndrome. MC2DN1 inheritance is autosomal recessive. {ECO:0000269|PubMed:12794685, ECO:0000269|PubMed:22972948, ECO:0000269|PubMed:26642834}. Note=The disease is caused by variants affecting the gene represented in this entry.; DISEASE: Leigh syndrome (LS) [MIM:256000]: An early-onset progressive neurodegenerative disorder characterized by the presence of focal, bilateral lesions in one or more areas of the central nervous system including the brainstem, thalamus, basal ganglia, cerebellum and spinal cord. Clinical features depend on which areas of the central nervous system are involved and include subacute onset of psychomotor retardation, hypotonia, ataxia, weakness, vision loss, eye movement abnormalities, seizures, and dysphagia. {ECO:0000269|PubMed:10746566, ECO:0000269|PubMed:24781757, ECO:0000269|PubMed:7550341}. Note=The disease is caused by variants affecting the gene represented in this entry.; DISEASE: Cardiomyopathy, dilated, 1GG (CMD1GG) [MIM:613642]: A disorder characterized by ventricular dilation and impaired systolic function, resulting in congestive heart failure and arrhythmia. Patients are at risk of premature death. {ECO:0000269|PubMed:20551992}. Note=The disease is caused by variants affecting the gene represented in this entry.; DISEASE: Pheochromocytoma/paraganglioma syndrome 5 (PPGL5) [MIM:614165]: A form of pheochromocytoma/paraganglioma syndrome, a tumor predisposition syndrome characterized by the development of neuroendocrine tumors, usually in adulthood. Pheochromocytomas are catecholamine-producing tumors that arise from chromaffin cells in the adrenal medulla. Paragangliomas develop from sympathetic paraganglia in the thorax, abdomen, and pelvis, as well as from parasympathetic paraganglia in the head and neck. PPGL5 inheritance is autosomal dominant. {ECO:0000269|PubMed:20484225}. Note=The disease is caused by variants affecting the gene represented in this entry.; DISEASE: Neurodegeneration with ataxia and late-onset optic atrophy (NDAXOA) [MIM:619259]: An autosomal dominant disorder characterized by slowly progressive cerebellar and gait ataxia, optic atrophy, and myopathy or myalgia. Additional features can include cardiomyopathy, psychiatric disturbances, and peripheral sensory impairment. Disease onset is usually in mid-adulthood. {ECO:0000269|PubMed:10976639, ECO:0000269|PubMed:27683074}. Note=The disease is caused by variants affecting the gene represented in this entry.	Homo sapiens (Human)
68	P35609	ACTN2	DISEASE: Cardiomyopathy, familial hypertrophic, 23, with or without left ventricular non-compaction (CMH23) [MIM:612158]: A hereditary heart disorder characterized by ventricular hypertrophy, which is usually asymmetric and often involves the interventricular septum. The symptoms include dyspnea, syncope, collapse, palpitations, and chest pain. They can be readily provoked by exercise. The disorder has inter- and intrafamilial variability ranging from benign to malignant forms with high risk of cardiac failure and sudden cardiac death. {ECO:0000269|PubMed:20022194, ECO:0000269|PubMed:25173926}. Note=The disease is caused by variants affecting the gene represented in this entry.; DISEASE: Cardiomyopathy, dilated, 1AA, with or without left ventricular non-compaction (CMD1AA) [MIM:612158]: A disorder characterized by ventricular dilation and impaired systolic function, resulting in congestive heart failure and arrhythmia. Patients are at risk of premature death. {ECO:0000269|PubMed:14567970, ECO:0000269|PubMed:25224718}. Note=The disease is caused by variants affecting the gene represented in this entry.; DISEASE: Congenital myopathy 8 (CMYO8) [MIM:618654]: An autosomal dominant muscular disorder characterized by progressive early-onset muscle weakness, gait difficulties, loss of ambulation, and respiratory insufficiency. Morphological and ultrastructural analyses of muscle biopsies reveal type 1 fiber predominance, multiple structured cores forming a circular arrangement beneath the sarcolemma, and jagged Z-lines. {ECO:0000269|PubMed:30701273}. Note=The disease is caused by variants affecting the gene represented in this entry.; DISEASE: Myopathy, distal, 6, adult onset, autosomal dominant (MPD6) [MIM:618655]: An autosomal dominant muscular disorder characterized by adult onset of asymmetric distal muscle weakness, primarily affecting the lower limbs and resulting in gait difficulties. Some patients develop involvement of proximal and upper limb muscles. {ECO:0000269|PubMed:30900782}. Note=The disease is caused by variants affecting the gene represented in this entry.; DISEASE: Note=Defects in ACTN2 may be the cause of an autosomal recessive myopathy characterized by asymmetric, progressive muscle weakness predominantly affecting the lower extremities. Patients do not manifest cardiomyopathy or respiratory insufficiency. Muscle biopsy reveals disruption of the inter-myofibrillar architecture, type I fiber predominance and atrophy. {ECO:0000269|PubMed:38311799}.	Homo sapiens (Human)
69	P51787	KCNQ1 KCNA8 KCNA9 KVLQT1	DISEASE: Long QT syndrome 1 (LQT1) [MIM:192500]: A heart disorder characterized by a prolonged QT interval on the ECG and polymorphic ventricular arrhythmias. They cause syncope and sudden death in response to exercise or emotional stress, and can present with a sentinel event of sudden cardiac death in infancy. {ECO:0000269|PubMed:10024302, ECO:0000269|PubMed:10220144, ECO:0000269|PubMed:10220146, ECO:0000269|PubMed:10367071, ECO:0000269|PubMed:10409658, ECO:0000269|PubMed:10482963, ECO:0000269|PubMed:10728423, ECO:0000269|PubMed:10973849, ECO:0000269|PubMed:11799244, ECO:0000269|PubMed:12442276, ECO:0000269|PubMed:15840476, ECO:0000269|PubMed:16414944, ECO:0000269|PubMed:16556865, ECO:0000269|PubMed:16922724, ECO:0000269|PubMed:18165683, ECO:0000269|PubMed:18400097, ECO:0000269|PubMed:19540844, ECO:0000269|PubMed:19716085, ECO:0000269|PubMed:19808498, ECO:0000269|PubMed:21241800, ECO:0000269|PubMed:24184248, ECO:0000269|PubMed:24269949, ECO:0000269|PubMed:24713462, ECO:0000269|PubMed:25037568, ECO:0000269|PubMed:25139741, ECO:0000269|PubMed:25705178, ECO:0000269|PubMed:28096388, ECO:0000269|PubMed:34398675, ECO:0000269|PubMed:8528244, ECO:0000269|PubMed:8818942, ECO:0000269|PubMed:8872472, ECO:0000269|PubMed:9024139, ECO:0000269|PubMed:9272155, ECO:0000269|PubMed:9302275, ECO:0000269|PubMed:9312006, ECO:0000269|PubMed:9323054, ECO:0000269|PubMed:9386136, ECO:0000269|PubMed:9482580, ECO:0000269|PubMed:9570196, ECO:0000269|PubMed:9641694, ECO:0000269|PubMed:9693036, ECO:0000269|PubMed:9702906, ECO:0000269|PubMed:9799083, ECO:0000269|PubMed:9927399, ECO:0000269|Ref.36}. Note=The disease is caused by variants affecting the gene represented in this entry.; DISEASE: Jervell and Lange-Nielsen syndrome 1 (JLNS1) [MIM:220400]: An autosomal recessive disorder characterized by congenital deafness, prolongation of the QT interval, syncopal attacks due to ventricular arrhythmias, and a high risk of sudden death. {ECO:0000269|PubMed:10090886, ECO:0000269|PubMed:10728423, ECO:0000269|PubMed:18400097, ECO:0000269|PubMed:18441444, ECO:0000269|PubMed:25705178, ECO:0000269|PubMed:9781056}. Note=The disease is caused by variants affecting the gene represented in this entry.; DISEASE: Atrial fibrillation, familial, 3 (ATFB3) [MIM:607554]: An autosomal dominant form of atrial fibrillation, a common sustained cardiac rhythm disturbance. Atrial fibrillation is characterized by disorganized atrial electrical activity and ineffective atrial contraction promoting blood stasis in the atria and reduces ventricular filling. It can result in palpitations, syncope, thromboembolic stroke, and congestive heart failure. {ECO:0000269|PubMed:12522251}. Note=The disease is caused by variants affecting the gene represented in this entry.; DISEASE: Short QT syndrome 2 (SQT2) [MIM:609621]: An autosomal dominant form of short QT syndrome, a heart disorder characterized by idiopathic persistently and uniformly short QT interval on ECG in the absence of structural heart disease in affected individuals. It can cause syncope and sudden death. {ECO:0000269|PubMed:15159330}. Note=The disease is caused by variants affecting the gene represented in this entry.; DISEASE: Type 2 diabetes mellitus (T2D) [MIM:125853]: A multifactorial disorder of glucose homeostasis caused by a lack of sensitivity to insulin. Affected individuals usually have an obese body habitus and manifestations of a metabolic syndrome characterized by diabetes, insulin resistance, hypertension and hypertriglyceridemia. The disease results in long-term complications that affect the eyes, kidneys, nerves, and blood vessels. {ECO:0000269|PubMed:18711366, ECO:0000269|PubMed:18711367, ECO:0000269|PubMed:24390345}. Note=Disease susceptibility is associated with variants affecting the gene represented in this entry.	Homo sapiens (Human)
70	Q8WZ42	TTN	DISEASE: Myopathy, myofibrillar, 9, with early respiratory failure (MFM9) [MIM:603689]: An autosomal dominant myopathy characterized by adulthood onset of weakness in proximal, distal, axial and respiratory muscles. Pelvic girdle weakness, foot drop and neck weakness are the main symptoms at onset, but ultimately the weakness usually involves the proximal compartment of both upper and lower limbs. Additional features include variable degrees of Achilles tendon contractures, spinal rigidity and muscle hypertrophy. Respiratory involvement often leads to requirement for non-invasive ventilation support. {ECO:0000269|PubMed:15802564}. Note=The disease is caused by variants affecting the gene represented in this entry.; DISEASE: Cardiomyopathy, familial hypertrophic, 9 (CMH9) [MIM:613765]: A hereditary heart disorder characterized by ventricular hypertrophy, which is usually asymmetric and often involves the interventricular septum. The symptoms include dyspnea, syncope, collapse, palpitations, and chest pain. They can be readily provoked by exercise. The disorder has inter- and intrafamilial variability ranging from benign to malignant forms with high risk of cardiac failure and sudden cardiac death. {ECO:0000269|PubMed:10462489}. Note=The disease is caused by variants affecting the gene represented in this entry.; DISEASE: Cardiomyopathy, dilated, 1G (CMD1G) [MIM:604145]: A disorder characterized by ventricular dilation and impaired systolic function, resulting in congestive heart failure and arrhythmia. Patients are at risk of premature death. {ECO:0000269|PubMed:11788824, ECO:0000269|PubMed:11846417, ECO:0000269|PubMed:16465475}. Note=The disease is caused by variants affecting the gene represented in this entry.; DISEASE: Tardive tibial muscular dystrophy (TMD) [MIM:600334]: Autosomal dominant, late-onset distal myopathy. Muscle weakness and atrophy are usually confined to the anterior compartment of the lower leg, in particular the tibialis anterior muscle. Clinical symptoms usually occur at age 35-45 years or much later. {ECO:0000269|PubMed:12145747, ECO:0000269|PubMed:12891679}. Note=The disease is caused by variants affecting the gene represented in this entry.; DISEASE: Muscular dystrophy, limb-girdle, autosomal recessive 10 (LGMDR10) [MIM:608807]: An autosomal recessive degenerative myopathy characterized by progressive weakness of the pelvic and shoulder girdle muscles. Severe disability is observed within 20 years of onset. {ECO:0000269|PubMed:12145747}. Note=The disease is caused by variants affecting the gene represented in this entry.; DISEASE: Congenital myopathy 5 with cardiomyopathy (CMYO5) [MIM:611705]: An autosomal recessive, early-onset muscular disorder characterized by dilated cardiomyopathy, delayed motor development with generalized muscle weakness predominantly affecting proximal and distal lower limbs. Skeletal muscle biopsies show minicore-like lesions with mitochondrial depletion and sarcomere disorganization, centralized nuclei, and type 1 fiber predominance. Dystrophic changes become apparent in the second decade. Cardiac muscle biopsies show disruption of myocardial architecture, nuclear hypertrophy, and endomysial fibrosis. Sudden death may occurr due to cardiomyopathy. {ECO:0000269|PubMed:17444505}. Note=The disease is caused by variants affecting the gene represented in this entry.	Homo sapiens (Human)
71	P02511	CRYAB CRYA2 HSPB5	DISEASE: Myopathy, myofibrillar, 2A, adult-onset (MFM2A) [MIM:608810]: A form of myofibrillar myopathy, a group of chronic neuromuscular disorders characterized at ultrastructural level by disintegration of the sarcomeric Z disk and myofibrils, and replacement of the normal myofibrillar markings by small dense granules, or larger hyaline masses, or amorphous material. MFM2A is an autosomal dominant form characterized by weakness of the proximal and distal limb muscles, weakness of the neck, velopharynx and trunk muscles, respiratory insufficiency, hypertrophic cardiomyopathy, and cataract. {ECO:0000269|PubMed:12601044, ECO:0000269|PubMed:14681890, ECO:0000269|PubMed:21920752, ECO:0000269|PubMed:25208129, ECO:0000269|PubMed:9731540}. Note=The disease is caused by variants affecting the gene represented in this entry.; DISEASE: Cataract 16, multiple types (CTRCT16) [MIM:613763]: An opacification of the crystalline lens of the eye that frequently results in visual impairment or blindness. Opacities vary in morphology, are often confined to a portion of the lens, and may be static or progressive. In general, the more posteriorly located and dense an opacity, the greater the impact on visual function. CTRCT16 includes posterior polar cataract, among others. Posterior polar cataract is a subcapsular opacity, usually disk-shaped, located at the back of the lens. {ECO:0000269|PubMed:11577372, ECO:0000269|PubMed:18587492, ECO:0000269|PubMed:21866213}. Note=The disease is caused by variants affecting the gene represented in this entry.; DISEASE: Note=CRYAB mutations may be involved in restrictive cardiomyopathy (RCM), a rare non-ischemic myocardial disease. RCM is characterized by restrictive ventricular-filling physiology in the presence of normal or reduced diastolic and/or systolic volumes (of 1 or both ventricles), biatrial enlargement, and normal ventricular wall thickness. {ECO:0000269|PubMed:28493373}.; DISEASE: Myopathy, myofibrillar, 2B, infantile-onset (MFM2B) [MIM:613869]: A form of myofibrillar myopathy, a group of chronic neuromuscular disorders characterized at ultrastructural level by disintegration of the sarcomeric Z disk and myofibrils, and replacement of the normal myofibrillar markings by small dense granules, or larger hyaline masses, or amorphous material. MFM2B is an autosomal recessive form characterized by onset in the first weeks of life after a normal neonatal period. Affected infants show rapidly progressive muscular rigidity of the trunk and limbs associated with increasing respiratory difficulty resulting in death before age 3 years. {ECO:0000269|PubMed:21337604}. Note=The disease is caused by variants affecting the gene represented in this entry.; DISEASE: Cardiomyopathy, dilated, 1II (CMD1II) [MIM:615184]: A disorder characterized by ventricular dilation and impaired systolic function, resulting in congestive heart failure and arrhythmia. Patients are at risk of premature death. {ECO:0000269|PubMed:16483541, ECO:0000269|PubMed:16793013}. Note=The disease is caused by variants affecting the gene represented in this entry.	Homo sapiens (Human)
72	O95817	BAG3 BIS	DISEASE: Myopathy, myofibrillar, 6 (MFM6) [MIM:612954]: A form of myofibrillar myopathy, a group of chronic neuromuscular disorders characterized at ultrastructural level by disintegration of the sarcomeric Z disk and myofibrils, and replacement of the normal myofibrillar markings by small dense granules, or larger hyaline masses, or amorphous material. MFM6 is characterized by early-onset of severe, progressive, diffuse muscle weakness associated with cardiomyopathy, severe respiratory insufficiency during adolescence, and a rigid spine in some patients. {ECO:0000269|PubMed:19085932, ECO:0000269|PubMed:20605452, ECO:0000269|PubMed:21361913, ECO:0000269|PubMed:21898660, ECO:0000269|PubMed:22734908, ECO:0000269|PubMed:25208129, ECO:0000269|PubMed:30559338, ECO:0000269|PubMed:32859500}. Note=The disease is caused by variants affecting the gene represented in this entry.; DISEASE: Cardiomyopathy, dilated, 1HH (CMD1HH) [MIM:613881]: A disorder characterized by ventricular dilation and impaired systolic function, resulting in congestive heart failure and arrhythmia. Patients are at risk of premature death. {ECO:0000269|PubMed:21353195, ECO:0000269|PubMed:21459883, ECO:0000269|PubMed:21898660}. Note=The disease is caused by variants affecting the gene represented in this entry.; DISEASE: Neuronopathy, distal hereditary motor, autosomal dominant 15 (HMND15) [MIM:621094]: A form of distal hereditary motor neuronopathy, a heterogeneous group of neuromuscular disorders caused by selective degeneration of motor neurons in the anterior horn of the spinal cord, without sensory deficit in the posterior horn. The overall clinical picture consists of a classical distal muscular atrophy syndrome in the legs without clinical sensory loss. Weakness and atrophy may expand to the proximal muscles of the lower limbs and/or to the distal upper limbs. HMND15 is an adult-onset, autosomal dominant form with incomplete penetrance. HMND15 affected individuals exhibit a slowly progressive and symmetric distal weakness and atrophy of lower limb muscles, along with absent Achille reflexes. Sensory deficits are not present. {ECO:0000269|PubMed:37907725}. Note=The disease is caused by variants affecting the gene represented in this entry.; DISEASE: Charcot-Marie-Tooth disease, axonal, type 2JJ (CMT2JJ) [MIM:621095]: An autosomal dominant, axonal form of Charcot-Marie-Tooth disease, a disorder of the peripheral nervous system, characterized by progressive weakness and atrophy, initially of the peroneal muscles and later of the distal muscles of the arms. Charcot-Marie-Tooth disease is classified in two main groups on the basis of electrophysiologic properties and histopathology: primary peripheral demyelinating neuropathies (designated CMT1 when they are dominantly inherited) and primary peripheral axonal neuropathies (CMT2). Neuropathies of the CMT2 group are characterized by signs of axonal degeneration in the absence of obvious myelin alterations, normal or slightly reduced nerve conduction velocities, and progressive distal muscle weakness and atrophy. CMT2JJ is characterized by adult onset of distal sensory impairment and distal muscle weakness and atrophy predominantly affecting the lower limbs. {ECO:0000269|PubMed:28754666, ECO:0000269|PubMed:31853710}. Note=The disease is caused by variants affecting the gene represented in this entry.	Homo sapiens (Human)
73	P49768	PSEN1 AD3 PS1 PSNL1	DISEASE: Alzheimer disease 3 (AD3) [MIM:607822]: A familial early-onset form of Alzheimer disease. Alzheimer disease is a neurodegenerative disorder characterized by progressive dementia, loss of cognitive abilities, and deposition of fibrillar amyloid proteins as intraneuronal neurofibrillary tangles, extracellular amyloid plaques and vascular amyloid deposits. The major constituents of these plaques are neurotoxic amyloid-beta protein 40 and amyloid-beta protein 42, that are produced by the proteolysis of the transmembrane APP protein. The cytotoxic C-terminal fragments (CTFs) and the caspase-cleaved products, such as C31, are also implicated in neuronal death. {ECO:0000269|PubMed:10025789, ECO:0000269|PubMed:10090481, ECO:0000269|PubMed:10200054, ECO:0000269|PubMed:10208579, ECO:0000269|PubMed:10439444, ECO:0000269|PubMed:10441572, ECO:0000269|PubMed:10447269, ECO:0000269|PubMed:10533070, ECO:0000269|PubMed:10631141, ECO:0000269|PubMed:10644793, ECO:0000269|PubMed:11027672, ECO:0000269|PubMed:11524469, ECO:0000269|PubMed:11561050, ECO:0000269|PubMed:11568920, ECO:0000269|PubMed:11701593, ECO:0000269|PubMed:11710891, ECO:0000269|PubMed:11796781, ECO:0000269|PubMed:11920851, ECO:0000269|PubMed:12048239, ECO:0000269|PubMed:12058025, ECO:0000269|PubMed:12370477, ECO:0000269|PubMed:12484344, ECO:0000269|PubMed:12493737, ECO:0000269|PubMed:12552037, ECO:0000269|PubMed:15004326, ECO:0000269|PubMed:15122701, ECO:0000269|PubMed:15364419, ECO:0000269|PubMed:15534188, ECO:0000269|PubMed:15534260, ECO:0000269|PubMed:15851849, ECO:0000269|PubMed:16305624, ECO:0000269|PubMed:16344340, ECO:0000269|PubMed:16628450, ECO:0000269|PubMed:16752394, ECO:0000269|PubMed:16897084, ECO:0000269|PubMed:16959576, ECO:0000269|PubMed:17366635, ECO:0000269|PubMed:17428795, ECO:0000269|PubMed:17502474, ECO:0000269|PubMed:18430735, ECO:0000269|PubMed:19667325, ECO:0000269|PubMed:19797784, ECO:0000269|PubMed:20164095, ECO:0000269|PubMed:20460383, ECO:0000269|PubMed:21335660, ECO:0000269|PubMed:21501661, ECO:0000269|PubMed:22461631, ECO:0000269|PubMed:22503161, ECO:0000269|PubMed:22529981, ECO:0000269|PubMed:23123781, ECO:0000269|PubMed:23843529, ECO:0000269|PubMed:24121961, ECO:0000269|PubMed:24495933, ECO:0000269|PubMed:24582897, ECO:0000269|PubMed:25394380, ECO:0000269|PubMed:26145164, ECO:0000269|PubMed:26280335, ECO:0000269|PubMed:26549787, ECO:0000269|PubMed:27073747, ECO:0000269|PubMed:27930341, ECO:0000269|PubMed:29175279, ECO:0000269|PubMed:29404783, ECO:0000269|PubMed:29466804, ECO:0000269|PubMed:30180983, ECO:0000269|PubMed:30200536, ECO:0000269|PubMed:7550356, ECO:0000269|PubMed:7596406, ECO:0000269|PubMed:7651536, ECO:0000269|PubMed:8634711, ECO:0000269|PubMed:8634712, ECO:0000269|PubMed:8733303, ECO:0000269|PubMed:8837617, ECO:0000269|PubMed:8875251, ECO:0000269|PubMed:9172170, ECO:0000269|PubMed:9225696, ECO:0000269|PubMed:9298817, ECO:0000269|PubMed:9384602, ECO:0000269|PubMed:9507958, ECO:0000269|PubMed:9521423, ECO:0000269|PubMed:9719376, ECO:0000269|PubMed:9831473, ECO:0000269|PubMed:9833068, ECO:0000269|Ref.95}. Note=The disease is caused by variants affecting the gene represented in this entry.; DISEASE: Frontotemporal dementia 1 (FTD1) [MIM:600274]: A form of dementia characterized by pathologic finding of frontotemporal lobar degeneration, presenile dementia with behavioral changes, deterioration of cognitive capacities and loss of memory. In some cases, parkinsonian symptoms are prominent. Neuropathological changes include frontotemporal atrophy often associated with atrophy of the basal ganglia, substantia nigra, amygdala. In most cases, protein tau deposits are found in glial cells and/or neurons. {ECO:0000269|PubMed:11094121}. Note=The disease is caused by variants affecting the gene represented in this entry.; DISEASE: Cardiomyopathy, dilated, 1U (CMD1U) [MIM:613694]: A disorder characterized by ventricular dilation and impaired systolic function, resulting in congestive heart failure and arrhythmia. Patients are at risk of premature death. {ECO:0000269|PubMed:17186461, ECO:0000269|PubMed:27930341}. Note=The disease is caused by variants affecting the gene represented in this entry.; DISEASE: Acne inversa, familial, 3 (ACNINV3) [MIM:613737]: A chronic relapsing inflammatory disease of the hair follicles characterized by recurrent draining sinuses, painful skin abscesses, and disfiguring scars. Manifestations typically appear after puberty. {ECO:0000269|PubMed:20929727}. Note=The disease is caused by variants affecting the gene represented in this entry.; DISEASE: Pick disease of the brain (PIDB) [MIM:172700]: A rare form of dementia pathologically defined by severe atrophy, neuronal loss and gliosis. It is characterized by the occurrence of tau-positive inclusions, swollen neurons (Pick cells) and argentophilic neuronal inclusions known as Pick bodies that disproportionally affect the frontal and temporal cortical regions. Clinical features include aphasia, apraxia, confusion, anomia, memory loss and personality deterioration. {ECO:0000269|PubMed:15122701}. Note=The gene represented in this entry may be involved in disease pathogenesis.	Homo sapiens (Human)
74	P52952	NKX2-5 CSX NKX2.5 NKX2E	DISEASE: Atrial septal defect 7, with or without atrioventricular conduction defects (ASD7) [MIM:108900]: A congenital heart malformation characterized by incomplete closure of the wall between the atria resulting in blood flow from the left to the right atria, and atrioventricular conduction defects in some cases. {ECO:0000269|PubMed:10587520, ECO:0000269|PubMed:14607454, ECO:0000269|PubMed:15342699, ECO:0000269|PubMed:15810002, ECO:0000269|PubMed:9651244}. Note=The disease is caused by variants affecting the gene represented in this entry.; DISEASE: Tetralogy of Fallot (TOF) [MIM:187500]: A congenital heart anomaly which consists of pulmonary stenosis, ventricular septal defect, dextroposition of the aorta (aorta is on the right side instead of the left) and hypertrophy of the right ventricle. In this condition, blood from both ventricles (oxygen-rich and oxygen-poor) is pumped into the body often causing cyanosis. {ECO:0000269|PubMed:10587520, ECO:0000269|PubMed:11714651, ECO:0000269|PubMed:14607454, ECO:0000269|PubMed:19948535}. Note=The disease is caused by variants affecting the gene represented in this entry.; DISEASE: Conotruncal heart malformations (CTHM) [MIM:217095]: A group of congenital heart defects involving the outflow tracts. Examples include truncus arteriosus communis, double-outlet right ventricle and transposition of great arteries. Truncus arteriosus communis is characterized by a single outflow tract instead of a separate aorta and pulmonary artery. In transposition of the great arteries, the aorta arises from the right ventricle and the pulmonary artery from the left ventricle. In double outlet of the right ventricle, both the pulmonary artery and aorta arise from the right ventricle. {ECO:0000269|PubMed:14607454, ECO:0000269|PubMed:17891434}. Note=The disease is caused by variants affecting the gene represented in this entry.; DISEASE: Hypothyroidism, congenital, non-goitrous, 5 (CHNG5) [MIM:225250]: A non-autoimmune condition characterized by resistance to thyroid-stimulating hormone (TSH) leading to increased levels of plasma TSH and low levels of thyroid hormone. CHNG5 presents variable severity depending on the completeness of the defect. Most patients are euthyroid and asymptomatic, with a normal sized thyroid gland. Only a subset of patients develop hypothyroidism and present a hypoplastic thyroid gland. {ECO:0000269|PubMed:16418214}. Note=The disease is caused by variants affecting the gene represented in this entry.; DISEASE: Ventricular septal defect 3 (VSD3) [MIM:614432]: A common form of congenital cardiovascular anomaly that may occur alone or in combination with other cardiac malformations. It can affect any portion of the ventricular septum, resulting in abnormal communications between the two lower chambers of the heart. Classification is based on location of the communication, such as perimembranous, inlet, outlet (infundibular), central muscular, marginal muscular, or apical muscular defect. Large defects that go unrepaired may give rise to cardiac enlargement, congestive heart failure, pulmonary hypertension, Eisenmenger's syndrome, delayed fetal brain development, arrhythmias, and even sudden cardiac death. {ECO:0000269|PubMed:21110066, ECO:0000269|PubMed:21165553}. Note=The disease is caused by variants affecting the gene represented in this entry.; DISEASE: Hypoplastic left heart syndrome 2 (HLHS2) [MIM:614435]: A syndrome due to defective development of the aorta proximal to the entrance of the ductus arteriosus, and hypoplasia of the left ventricle and mitral valve. As a result of the abnormal circulation, the ductus arteriosus and foramen ovale are patent and the right atrium, right ventricle, and pulmonary artery are enlarged. {ECO:0000269|PubMed:14607454, ECO:0000269|PubMed:15810002}. Note=The disease is caused by variants affecting the gene represented in this entry.	Homo sapiens (Human)
75	P02545	LMNA LMN1	DISEASE: Emery-Dreifuss muscular dystrophy 2, autosomal dominant (EDMD2) [MIM:181350]: A form of Emery-Dreifuss muscular dystrophy, a degenerative myopathy characterized by weakness and atrophy of muscle without involvement of the nervous system, early contractures of the elbows, Achilles tendons and spine, and cardiomyopathy associated with cardiac conduction defects. {ECO:0000269|PubMed:22431096, ECO:0000269|PubMed:27234031}. Note=The disease is caused by variants affecting the gene represented in this entry.; DISEASE: Emery-Dreifuss muscular dystrophy 3, autosomal recessive (EDMD3) [MIM:616516]: A form of Emery-Dreifuss muscular dystrophy, a degenerative myopathy characterized by weakness and atrophy of muscle without involvement of the nervous system, early contractures of the elbows, Achilles tendons and spine, and cardiomyopathy associated with cardiac conduction defects. {ECO:0000269|PubMed:22431096, ECO:0000269|PubMed:27234031}. Note=The disease is caused by variants affecting the gene represented in this entry.; DISEASE: Cardiomyopathy, dilated, 1A (CMD1A) [MIM:115200]: A disorder characterized by ventricular dilation and impaired systolic function, resulting in congestive heart failure and arrhythmia. Patients are at risk of premature death. {ECO:0000269|PubMed:10580070, ECO:0000269|PubMed:11561226, ECO:0000269|PubMed:11792809, ECO:0000269|PubMed:11897440, ECO:0000269|PubMed:12486434, ECO:0000269|PubMed:12628721, ECO:0000269|PubMed:12920062, ECO:0000269|PubMed:14675861, ECO:0000269|PubMed:14684700, ECO:0000269|PubMed:15140538, ECO:0000269|PubMed:15219508, ECO:0000269|PubMed:15372542, ECO:0000269|PubMed:16061563, ECO:0000269|PubMed:16156025, ECO:0000269|PubMed:18606848, ECO:0000269|PubMed:19167105, ECO:0000269|PubMed:20160190, ECO:0000269|PubMed:21846512}. Note=The disease is caused by variants affecting the gene represented in this entry.; DISEASE: Lipodystrophy, familial partial, 2 (FPLD2) [MIM:151660]: An autosomal dominant disorder characterized by the loss of subcutaneous adipose tissue in the lower parts of the body (limbs, buttocks, trunk). It is accompanied by an accumulation of adipose tissue in the face and neck causing a double chin, fat neck, or cushingoid appearance. Adipose tissue may also accumulate in the axillae, back, labia majora, and intraabdominal region. Affected patients are insulin-resistant and may develop glucose intolerance and diabetes mellitus after age 20 years, hypertriglyceridemia, and low levels of high density lipoprotein cholesterol. {ECO:0000269|PubMed:10587585, ECO:0000269|PubMed:10655060, ECO:0000269|PubMed:10739751, ECO:0000269|PubMed:11792809, ECO:0000269|PubMed:12015247, ECO:0000269|PubMed:12196663, ECO:0000269|PubMed:12629077, ECO:0000269|PubMed:15372542, ECO:0000269|PubMed:17250669, ECO:0000269|PubMed:19220582, ECO:0000269|PubMed:24485160}. Note=The disease is caused by variants affecting the gene represented in this entry.; DISEASE: Charcot-Marie-Tooth disease, axonal, type 2B1 (CMT2B1) [MIM:605588]: A recessive axonal form of Charcot-Marie-Tooth disease, a disorder of the peripheral nervous system, characterized by progressive weakness and atrophy, initially of the peroneal muscles and later of the distal muscles of the arms. Charcot-Marie-Tooth disease is classified in two main groups on the basis of electrophysiologic properties and histopathology: primary peripheral demyelinating neuropathies (designated CMT1 when they are dominantly inherited) and primary peripheral axonal neuropathies (CMT2). Neuropathies of the CMT2 group are characterized by signs of axonal degeneration in the absence of obvious myelin alterations, normal or slightly reduced nerve conduction velocities, and progressive distal muscle weakness and atrophy. {ECO:0000269|PubMed:11799477}. Note=The disease is caused by variants affecting the gene represented in this entry.; DISEASE: Hutchinson-Gilford progeria syndrome (HGPS) [MIM:176670]: Rare genetic disorder characterized by features reminiscent of marked premature aging. {ECO:0000269|PubMed:12714972, ECO:0000269|PubMed:12768443, ECO:0000269|PubMed:12927431, ECO:0000269|PubMed:15060110, ECO:0000269|PubMed:15286156, ECO:0000269|PubMed:15622532, ECO:0000269|PubMed:19933576, ECO:0000269|PubMed:21791255, ECO:0000269|PubMed:22355414, ECO:0000269|PubMed:23666920}. Note=The disease is caused by variants affecting the gene represented in this entry. HGPS is caused by the toxic accumulation of a truncated form of lamin-A/C. This mutant protein, called progerin (isoform 6), acts to deregulate mitosis and DNA damage signaling, leading to premature cell death and senescence. The mutant form is mainly generated by a silent or missense mutation at codon 608 of prelamin A that causes activation of a cryptic splice donor site, resulting in production of isoform 6 with a deletion of 50 amino acids near the C terminus. Progerin lacks the conserved ZMPSTE24/FACE1 cleavage site and therefore remains permanently farnesylated. Thus, although it can enter the nucleus and associate with the nuclear envelope, it cannot incorporate normally into the nuclear lamina (PubMed:12714972). {ECO:0000269|PubMed:12714972}.; DISEASE: Cardiomyopathy, dilated, with hypergonadotropic hypogonadism (CMDHH) [MIM:212112]: A disorder characterized by the association of genital anomalies, hypergonadotropic hypogonadism and dilated cardiomyopathy. Patients can present other variable clinical manifestations including intellectual disability, skeletal anomalies, scleroderma-like skin, graying and thinning of hair, osteoporosis. Dilated cardiomyopathy is characterized by ventricular dilation and impaired systolic function, resulting in congestive heart failure and arrhythmia. {ECO:0000269|PubMed:12927431, ECO:0000269|PubMed:17150192, ECO:0000269|PubMed:19283854}. Note=The disease is caused by variants affecting the gene represented in this entry.; DISEASE: Mandibuloacral dysplasia with type A lipodystrophy (MADA) [MIM:248370]: A form of mandibuloacral dysplasia, a rare progeroid disorder with clinical and genetic heterogeneity, characterized by growth retardation, craniofacial dysmorphic features due to distal bone resorption, musculoskeletal and skin abnormalities associated with lipodystrophy. MADA is an autosomal recessive disease characterized by mandibular and clavicular hypoplasia, acroosteolysis, delayed closure of the cranial suture, progeroid appearance, partial alopecia, soft tissue calcinosis, joint contractures, and partial lipodystrophy with loss of subcutaneous fat from the extremities. Adipose tissue in the face, neck and trunk is normal or increased. {ECO:0000269|PubMed:12075506, ECO:0000269|PubMed:15998779, ECO:0000269|PubMed:16278265}. Note=The disease is caused by variants affecting the gene represented in this entry.; DISEASE: Restrictive dermopathy 2 (RSDM2) [MIM:619793]: An autosomal dominant form of restrictive dermopathy, a genodermatosis mainly characterized by intrauterine growth retardation, tight and rigid skin with erosions, prominent superficial vasculature and epidermal hyperkeratosis, facial dysmorphism, sparse/absent eyelashes and eyebrows, mineralization defects of the skull, thin dysplastic clavicles, pulmonary hypoplasia, multiple joint contractures and an early neonatal lethal course. Liveborn children usually die within the first week of life. {ECO:0000269|PubMed:15317753}. Note=The disease is caused by variants affecting the gene represented in this entry.; DISEASE: Heart-hand syndrome Slovenian type (HHS-Slovenian) [MIM:610140]: Heart-hand syndrome (HHS) is a clinically and genetically heterogeneous disorder characterized by the co-occurrence of a congenital cardiac disease and limb malformations. {ECO:0000269|PubMed:18611980}. Note=The disease is caused by variants affecting the gene represented in this entry.; DISEASE: Muscular dystrophy congenital LMNA-related (MDCL) [MIM:613205]: A form of congenital muscular dystrophy. Patients present at birth, or within the first few months of life, with hypotonia, muscle weakness and often with joint contractures. {ECO:0000269|PubMed:18551513}. Note=The disease is caused by variants affecting the gene represented in this entry.; DISEASE: Note=Defects in LMNA may cause a late-onset cardiocutaneous progeria syndrome characterized by cutaneous manifestations of aging appearing in the third decade of life, cardiac valve calcification and dysfunction, prominent atherosclerosis, and cardiomyopathy, leading to death on average in the fourth decade. {ECO:0000269|PubMed:23666920}.	Homo sapiens (Human)
76	Q92908	GATA6	DISEASE: Note=Rare variants in GATA6 may be a cause of susceptibility to atrial fibrillation, a common sustained cardiac rhythm disturbance. Atrial fibrillation is characterized by disorganized atrial electrical activity and ineffective atrial contraction promoting blood stasis in the atria and reduces ventricular filling. It can result in palpitations, syncope, thromboembolic stroke, and congestive heart failure. {ECO:0000269|PubMed:22750565, ECO:0000269|PubMed:22824924, ECO:0000269|PubMed:27756709}.; DISEASE: Conotruncal heart malformations (CTHM) [MIM:217095]: A group of congenital heart defects involving the outflow tracts. Examples include truncus arteriosus communis, double-outlet right ventricle and transposition of great arteries. Truncus arteriosus communis is characterized by a single outflow tract instead of a separate aorta and pulmonary artery. In transposition of the great arteries, the aorta arises from the right ventricle and the pulmonary artery from the left ventricle. In double outlet of the right ventricle, both the pulmonary artery and aorta arise from the right ventricle. {ECO:0000269|PubMed:19666519}. Note=The disease is caused by variants affecting the gene represented in this entry. GATA6 mutations have been found in patients with non-syndromic persistent truncus arteriosus (PubMed:19666519). {ECO:0000269|PubMed:19666519}.; DISEASE: Atrial septal defect 9 (ASD9) [MIM:614475]: A congenital heart malformation characterized by incomplete closure of the wall between the atria resulting in blood flow from the left to the right atria. Some patients manifest tricuspid valve disease, pulmonary valve disease, and pulmonary artery hypertension. {ECO:0000269|PubMed:20631719}. Note=The disease is caused by variants affecting the gene represented in this entry.; DISEASE: Tetralogy of Fallot (TOF) [MIM:187500]: A congenital heart anomaly which consists of pulmonary stenosis, ventricular septal defect, dextroposition of the aorta (aorta is on the right side instead of the left) and hypertrophy of the right ventricle. In this condition, blood from both ventricles (oxygen-rich and oxygen-poor) is pumped into the body often causing cyanosis. {ECO:0000269|PubMed:20581743, ECO:0000269|PubMed:20631719}. Note=The disease is caused by variants affecting the gene represented in this entry.; DISEASE: Atrioventricular septal defect 5 (AVSD5) [MIM:614474]: A congenital heart malformation characterized by a common atrioventricular junction coexisting with deficient atrioventricular septation. The complete form involves underdevelopment of the lower part of the atrial septum and the upper part of the ventricular septum; the valve itself is also shared. A less severe form, known as ostium primum atrial septal defect, is characterized by separate atrioventricular valvar orifices despite a common junction. {ECO:0000269|PubMed:20581743}. Note=The disease is caused by variants affecting the gene represented in this entry.; DISEASE: Pancreatic agenesis and congenital heart defects (PACHD) [MIM:600001]: An autosomal dominant disease characterized by pancreatic severe hypoplasia or agenesis, diabetes mellitus, and congenital heart abnormalities including ventricular septal defect, patent ductus arteriosus, pulmonary artery stenosis, truncus arteriosus and tetralogy of Fallot. {ECO:0000269|PubMed:22158542}. Note=The disease is caused by variants affecting the gene represented in this entry.	Homo sapiens (Human)
